Street,Ward,District,Prices,Area,toFace,type,certificate,width,length,floors,Location
 Hà Mục,Hòa Thọ Đông,cẩm lệ,5.15,100,Tây Nam,Nhà mặt tiền,Không có,5,20,4,"16.01918,108.19537"
 Thi Sách,Hòa Thuận Tây,hải châu,4.1,85,Không,Nhà mặt tiền,Không có,,,1,"16.0546,108.20547"
 Ông Ích Khiêm,Tam Thuận,thanh khê,11,67,Tây,Nhà mặt tiền,Giấy tờ hợp lệ,3.8,,3,"16.06653,108.2142"
 Núi Thành,Hòa Cường Bắc,hải châu,17.5,137,Tây,Nhà mặt tiền,Giấy tờ hợp lệ,7.3,,3,"16.03194,108.22279"
 Trương Văn Hiến,Khuê Mỹ,ngũ hành sơn,7,90,Đông Nam,Nhà mặt tiền,Giấy tờ hợp lệ,5,18,4,"16.01947,108.25592"
 Nguyễn Văn Thoại,An Hải Đông,sơn trà,26,154,Không,Nhà mặt tiền,Giấy tờ hợp lệ,7,,2,"16.05747,108.24433"
 Hóa Quê Trung,Hòa Cường Bắc,hải châu,5.4,100,Không,Nhà mặt tiền,Giấy tờ hợp lệ,5.2,19,2,"16.04329,108.21986"
 Khuê Mỹ Đông 15,Mỹ An,ngũ hành sơn,13.5,110,Không,Nhà mặt tiền,Giấy tờ hợp lệ,6,,6,"16.03874,108.24676"
 Dương Vân Nga,Nại Hiên Đông,sơn trà,14.4,130,Không,Nhà mặt tiền,Giấy tờ hợp lệ,20,,6,"16.09172,108.23162"
 Lê Thanh Nghị,Hòa Cường Bắc,hải châu,15.75,120,Đông,Nhà mặt tiền,Giấy tờ hợp lệ,5,,1,"16.03029,108.21903"
 Cao Bá Quát,An Hải Bắc,sơn trà,11.5,115,Không,Nhà mặt tiền,Giấy tờ hợp lệ,7.1,,3,"16.06433,108.23061"
 Hoàng Thúc Trâm,Hải Châu I,hải châu,7.7,90,Không,Nhà mặt tiền,Giấy tờ hợp lệ,5,,3,"16.04274,108.21396"
 Chính Hữu,Phước Mỹ,sơn trà,10.5,140,Đông,Nhà mặt tiền,Giấy tờ hợp lệ,5,28,1,"16.10449,108.26139"
 Châu Thị Vĩnh Tế,Mỹ An,ngũ hành sơn,12.5,100,Đông,Nhà mặt tiền,Giấy tờ hợp lệ,5,20,1,"16.04978,108.24072"
 Tân Phú 1,Mân Thái,sơn trà,6.1,90,Không,Nhà mặt tiền,Không có,,,,"16.08457,108.24599"
 Thanh Vinh,Hòa Khánh Bắc,liên chiểu,2.42,175,Không,Nhà mặt tiền,Giấy tờ hợp lệ,7,25,1,"16.07863,108.12345"
 Phan Văn Định,Hòa Khánh Bắc,liên chiểu,14,353,Đông Nam,Nhà mặt tiền,Giấy tờ hợp lệ,8.9,,1,"16.08926,108.14696"
 Dương Khuê,Mỹ An,ngũ hành sơn,12,99,Tây Bắc,Nhà mặt tiền,Giấy tờ hợp lệ,5,20,5,"15.98459,108.23607"
 An Thượng 38,Mỹ An,ngũ hành sơn,8.5,60,Tây Nam,Nhà mặt tiền,Giấy tờ hợp lệ,5,12,4,"16.04689,108.24197"
 Tiểu La,Hòa Cường Bắc,hải châu,3.35,53,Bắc,Nhà trong hẻm,Giấy tờ hợp lệ,,,2,"16.04649,108.22182"
 Hà Huy Tập,Hòa Khê,thanh khê,25,310,Không,Nhà mặt tiền,Không có,10,23,2,"16.0704,108.19171"
 Nguyễn Phan Vinh,Thọ Quang,sơn trà,2.3,90,Không,Nhà trong hẻm,Không có,5,18,2,"16.10053,108.25114"
 Mai Lão Bạng,Thuận Phước,hải châu,3.7,60,Không,Nhà trong hẻm,Giấy tờ hợp lệ,5,12,2,"16.08414,108.21865"
 Nước Mặn 1,Khuê Mỹ,ngũ hành sơn,14.5,185,Đông Nam,Nhà mặt tiền,Giấy tờ hợp lệ,10,18.5,4,"16.02157,108.25084"
 Ngô Chi Lan,Thuận Phước,hải châu,3.2,61,Bắc,Nhà mặt tiền,Giấy tờ hợp lệ,3.5,20,,"16.06903,108.21546"
 Chế Lan Viên,Mỹ An,ngũ hành sơn,6.7,93,Không,Nhà trong hẻm,Không có,,,,"16.04228,108.24575"
 14 An Hoà 1,Khuê Trung,cẩm lệ,6.35,103,Đông Bắc,Nhà mặt tiền,Giấy tờ hợp lệ,5,20.5,3,"16.0188,108.21054"
 Đống Đa,Thuận Phước,hải châu,4.5,65,Tây Nam,Nhà trong hẻm,Giấy tờ hợp lệ,,,2,"16.07503,108.21489"
 Phan Thanh,Thạc Gián,thanh khê,3.2,50,Bắc,Nhà trong hẻm,Giấy tờ hợp lệ,,,3,"16.06302,108.20878"
 Bình An 7,Hòa Cường Bắc,hải châu,3.05,6,Đông,Nhà trong hẻm,Giấy tờ hợp lệ,,,2,"16.03699,108.21576"
 Nguyễn Lương Bằng,Hòa Hiệp Nam,liên chiểu,3.35,60,Không,Nhà mặt tiền,Giấy tờ hợp lệ,6,10,2,"16.08075,108.14674"
 Phước Trường 14,Phước Mỹ,sơn trà,40,,Không,Nhà mặt tiền,Giấy tờ hợp lệ,17,12,8,"16.07743,108.24177"
 Dũng Sĩ Thanh Khê,Thanh Khê Đông,thanh khê,2.5,60,Không,Nhà trong hẻm,Không có,,,2,"16.07597,108.17332"
 Dương Thị Xuân Quý,Mỹ An,ngũ hành sơn,6.3,98,Không,Nhà trong hẻm,Giấy tờ hợp lệ,4,25,1,"16.04244,108.24356"
 Lê Độ,Chính Gián,thanh khê,3.2,73,Nam,Nhà trong hẻm,Giấy tờ hợp lệ,7,11,2,"16.07062,108.20136"
 Hùng Vương,Vĩnh Trung,thanh khê,4.1,43,Không,Nhà trong hẻm,Giấy tờ hợp lệ,4,11,5,"16.06689,108.21214"
 Hải Phòng,Tân Chính,thanh khê,3.2,46,Đông,Nhà trong hẻm,Giấy tờ hợp lệ,3.5,14,3,"16.07085,108.20893"
 Lê Hữu Trác,An Hải Đông,sơn trà,5.1,80,Đông Bắc,Nhà trong hẻm,Giấy tờ hợp lệ,4,21.5,3,"16.05862,108.23956"
 Hoàng Văn Thái,Hòa Khánh Nam,liên chiểu,2.35,115,Không,Nhà trong hẻm,Giấy tờ hợp lệ,6,19,2,"16.05849,108.15735"
 Dương Quảng Hàm,Khuê Trung,cẩm lệ,5.4,80,Không,Nhà mặt tiền,Giấy tờ hợp lệ,5,17,3,"16.03387,108.21396"
 Quách Thị Trang,Hòa Xuân,cẩm lệ,4.8,100,Tây Nam,Nhà mặt tiền,Giấy tờ hợp lệ,5,20,3,"15.99703,108.2133"
 305 Yên Khê,Thanh Khê Đông,thanh khê,3.9,4,Không,Nhà mặt tiền,Giấy tờ hợp lệ,5,8.5,3,"16.05781364,108.15126038"
 536.25.10 Điện Biên Phủ,Thanh Khê Đông,thanh khê,2.4,61,Không,Nhà trong hẻm,Giấy tờ hợp lệ,4.3,15,2,"16.06533,108.20615"
 Võ Chí Công,Hòa Quý,ngũ hành sơn,3.1,100,Không,Nhà mặt tiền,Giấy tờ hợp lệ,5,,2,"15.9913,108.23725"
 24 An Trung 1,An Hải Tây,sơn trà,6.9,98,Đông,Nhà mặt tiền,Giấy tờ hợp lệ,5,20,1,"16.05614,108.23502"
 Ngô Quyền,An Hải Đông,sơn trà,12.9,100,Không,Nhà mặt tiền,Giấy tờ hợp lệ,9,,2,"16.09631,108.24529"
 Nguyễn Tri Phương,Hòa Thuận Tây,hải châu,9.5,115,Đông Bắc,Nhà mặt tiền,Giấy tờ hợp lệ,4,28.6,3,"16.05232,108.21081"
 Hoài Thanh,Mỹ An,ngũ hành sơn,17.5,130,Không,Nhà mặt tiền,Giấy tờ hợp lệ,10,13,7,"16.04427,108.23848"
 Hoài Thanh,Mỹ An,ngũ hành sơn,18,130,Không,Nhà mặt tiền,Giấy tờ hợp lệ,10,13,7,"16.04427,108.23848"
 Nguyễn Văn Thoại,An Hải Đông,sơn trà,24.9,114,Không,Nhà mặt tiền,Giấy tờ hợp lệ,6.5,19.5,3,"16.05747,108.24433"
 Phần Lăng 9,Hòa Khê,thanh khê,3.9,81,Tây Nam,Nhà mặt tiền,Giấy tờ hợp lệ,4.5,18,1,"16.05747,108.18768"
 Nguyễn Trung Trực,Nại Hiên Đông,sơn trà,7.5,100,Không,Nhà mặt tiền,Không có,7,16,1,"16.08582,108.22967"
 Cao Bá Quát,An Hải Tây,sơn trà,5.1,64,Không,Nhà mặt tiền,Không có,4.4,14.5,1,"16.06433,108.23061"
 Nguyễn Phan Vinh,Thọ Quang,sơn trà,3.7,81,Tây Nam,Nhà trong hẻm,Giấy tờ hợp lệ,5,16,3,"16.10053,108.25114"
 Hoài Thanh,Mỹ An,ngũ hành sơn,17.9,130,Không,Nhà mặt tiền,Giấy tờ hợp lệ,10,13.5,7,"16.04427,108.23848"
 Dương Quảng Hàm,Hòa Cường Nam,hải châu,5.5,74,Đông,Nhà mặt tiền,Giấy tờ hợp lệ,4.5,16.7,3,"16.07505,108.22114"
 Hoà Minh 21,Hòa Minh,liên chiểu,4.6,7,Không,Nhà mặt tiền,Không có,5,,3,"16.07795,108.16094"
 Phạm Như Xương,Hòa Khánh Nam,liên chiểu,3.75,114,Không,Nhà mặt tiền,Không có,8,,1,"16.06383,108.14822"
 Lưu Trọng Lư,Hòa Cường Bắc,hải châu,5.9,70,Không,Nhà mặt tiền,Không có,5,,4,"16.03176,108.23118"
 Thái Thị Bôi,Chính Gián,thanh khê,3.75,50,Không,Nhà trong hẻm,Giấy tờ hợp lệ,5,,3,"16.06831,108.1972"
 Nguyễn Thị Minh Khai,Thạch Thang,hải châu,16.8,60,Không,Nhà mặt tiền,Giấy tờ hợp lệ,,,4,"16.0744,108.21805"
 Phạm Phú Thứ,Hải Châu I,hải châu,15,58,Không,Nhà mặt tiền,Không có,4.7,12.5,4,"16.06744,108.22425"
 Phạm Tu,Phước Mỹ,sơn trà,5.2,56,Không,Nhà mặt tiền,Không có,4,16,3,"16.06653,108.24049"
 Mỹ Đa Đông 5,Mỹ An,ngũ hành sơn,7.2,68,Không,Nhà mặt tiền,Không có,4,17,5,"16.04262,108.24301"
 Trần Bình Trọng,Hải Châu I,hải châu,17.5,110,Không,Nhà mặt tiền,Không có,6.2,17,4,"16.066,108.21872"
 Bùi Viện,Hòa Cường Nam,hải châu,11,88,Không,Nhà mặt tiền,Không có,5,17.5,5,"16.03097,108.2322"
 Phùng Chí Kiên,Hòa Minh,liên chiểu,4.5,90,Tây Bắc,Nhà mặt tiền,Giấy tờ hợp lệ,5,18,3,"16.07763,108.16537"
 Trần Lê,Hòa Xuân,cẩm lệ,9,100,Không,Nhà mặt tiền,Giấy tờ hợp lệ,5,20,3,"16.00704,108.21649"
 Đa Phước 4,Khuê Mỹ,ngũ hành sơn,28.5,89,Tây Bắc,Nhà mặt tiền,Giấy tờ hợp lệ,15,19.3,3,"16.02563,108.23957"
 278 Trần Cao Vân,Tam Thuận,thanh khê,1.5,36,Tây,Nhà mặt tiền,Giấy tờ hợp lệ,3,12,1,"16.07252,108.2031"
 376 Trần Cao Vân,Thanh Khê Đông,thanh khê,3.3,57,Tây,Nhà trong hẻm,Giấy tờ hợp lệ,5,12,3,"16.07105,108.19999"
 Tống Duy Tân,Hòa Minh,liên chiểu,2.75,65,Đông,Nhà trong hẻm,Giấy tờ hợp lệ,4,16.25,2,"16.05959,108.16943"
 141 Tiểu La,Hòa Cường Bắc,hải châu,5.3,95,Đông,Nhà trong hẻm,Giấy tờ hợp lệ,7,13.5,3,"16.04468,108.21638"
 Hoàng Minh Thảo,Hòa Khánh Nam,liên chiểu,4.29,107,Đông Bắc,Nhà trong hẻm,Giấy tờ hợp lệ,10,13,3,"16.04687,108.16397"
 Bình Kỳ,Hòa Quý,ngũ hành sơn,3.75,50,Không,Nhà mặt tiền,Giấy tờ hợp lệ,7,36,1,"15.99442,108.2388"
 Dũng Sĩ Thanh Khê,Thanh Khê Đông,thanh khê,2.5,60,Không,Nhà trong hẻm,Giấy tờ hợp lệ,4,,2,"16.07597,108.17332"
 Trưng Nữ Vương,Hòa Thuận Tây,hải châu,1.95,60,Không,Nhà trong hẻm,Giấy tờ hợp lệ,7,,1,"16.05375,108.21903"
 Lê Duẩn,Tân Chính,hải châu,3.15,60,Không,Nhà trong hẻm,Giấy tờ hợp lệ,4,,2,"16.07148,108.22157"
 Dương Vân Nga,Nại Hiên Đông,sơn trà,15,150,Không,Nhà mặt tiền,Giấy tờ hợp lệ,21,,6,"16.09172,108.23162"
 Ngô Thì Sĩ,Mỹ An,ngũ hành sơn,15.799,106,Không,Nhà mặt tiền,Giấy tờ hợp lệ,5,,4,"16.04771,108.24537"
 Trường Thi 4 Nguyễn Văn Linh,Hòa Thuận Tây,hải châu,6.2,90,Không,Nhà mặt tiền,Không có,5,18,3,"16.06008,108.21539"
 Đinh Núp,An Khê,thanh khê,5.2,81,Không,Nhà mặt tiền,Không có,4.5,18,3,"16.06318,108.18303"
 Lê Thanh Nghị,Hòa Cường Nam,hải châu,12.5,70,Không,Nhà mặt tiền,Không có,5,14,4,"16.03029,108.21903"
 Phạm Nhữ Tăng,Hòa Khê,thanh khê,5.7,75,Không,Nhà mặt tiền,Không có,4.87,15.5,3,"16.06307,108.18955"
 Sơn Thủy 2,Hòa Hải,ngũ hành sơn,5,115,Tây Nam,Nhà mặt tiền,Giấy tờ hợp lệ,5,,2,"16.01371,108.25355"
 Điện Biên Phủ,Chính Gián,thanh khê,3.6,40,Không,Nhà trong hẻm,Không có,,,3,"16.06715,108.196"
 Đỗ Bá,Mỹ An,ngũ hành sơn,12.5,71,Tây Bắc,Nhà mặt tiền,Giấy tờ hợp lệ,11,,,"16.05193,108.24696"
 Hùng Vương,Hải Châu II,hải châu,11,69,Đông Nam,Nhà mặt tiền,Giấy tờ hợp lệ,3.65,18.5,1,"16.06859,108.221"
 Ngô Thì Hương,Nại Hiên Đông,sơn trà,5.5,100,Không,Nhà mặt tiền,Giấy tờ hợp lệ,5,20,3,"16.09753,108.23206"
 Nguyễn Công Trứ,Phước Mỹ,sơn trà,9.99,111,Tây Nam,Nhà mặt tiền,Giấy tờ hợp lệ,4.5,25,1,"16.06847,108.23054"
 Trương Định,Nại Hiên Đông,sơn trà,7.7,96,Không,Nhà mặt tiền,Giấy tờ hợp lệ,13,15,3,"16.08935,108.24592"
 Lâm Hoành,Phước Mỹ,sơn trà,3.8,70,Không,Nhà trong hẻm,Giấy tờ hợp lệ,4,17,3,"16.06168,108.24547"
 Nguyễn Hữu Thọ,Hòa Thuận Tây,hải châu,17,125,Không,Nhà mặt tiền,Không có,5,,4,"16.03954,108.21035"
 Nguyễn Tất Thành,Tam Thuận,thanh khê,3.85,50,Tây Nam,Nhà trong hẻm,Giấy tờ hợp lệ,4,13,3,"16.07765,108.17369"
 Ngô Chi Lan,Thuận Phước,hải châu,3.2,61,Không,Nhà mặt tiền,Giấy tờ hợp lệ,3.5,20,,"16.06903,108.21546"
 Hải Phòng,Tân Chính,thanh khê,3.2,46,Đông,Nhà trong hẻm,Giấy tờ hợp lệ,4,12,3,"16.07085,108.20893"
 Lê Hữu Khánh,Khuê Mỹ,ngũ hành sơn,15.5,,Không,Nhà mặt tiền,Giấy tờ hợp lệ,10,,3,"16.02931,108.2398"
 Nguyễn Phan Vinh,Thọ Quang,sơn trà,3.3,109,Không,Nhà trong hẻm,Giấy tờ hợp lệ,,,1,"16.10053,108.25114"
 An Trung,An Hải Tây,sơn trà,3.9,55,Không,Nhà mặt tiền,Giấy tờ hợp lệ,,,2,"16.05658,108.23506"
 Phạm Hùng,Xã Hòa Châu,hòa vang,6.95,107,Đông,Nhà mặt tiền,Giấy tờ hợp lệ,5,21.5,2,"15.98264,108.20803"
 Mỹ Khê 4,Phước Mỹ,sơn trà,3.3,84,Không,Nhà trong hẻm,Giấy tờ hợp lệ,4.5,19,2,"16.06396,108.24034"
 Dũng Sĩ Thanh Khê,Thanh Khê Tây,thanh khê,2.5,48,Đông Bắc,Nhà trong hẻm,Giấy tờ hợp lệ,4,12,2,"16.07597,108.17332"
 Kinh Dương Vương,Hòa Minh,liên chiểu,6.999,85,Không,Nhà mặt tiền,Giấy tờ hợp lệ,5,17,3,"16.07745,108.16551"
 Bằng Lăng 1,An Hải Tây,sơn trà,10.9,100,Tây Bắc,Nhà mặt tiền,Không có,5,20,3,"16.08923,108.24709"
 Lý Tự Trọng,Hải Châu I,hải châu,5.5,59,Tây,Nhà trong hẻm,Giấy tờ hợp lệ,6.2,9.54,3,"16.07853,108.21389"
 Xuân Đán 2,Xuân Hà,thanh khê,5.1,89,Đông,Nhà mặt tiền,Giấy tờ hợp lệ,5,17.8,1,"16.07082,108.19384"
 An Thượng 18,Mỹ An,ngũ hành sơn,4.5,40,Bắc,Nhà mặt tiền,Giấy tờ hợp lệ,4,10,1,"16.04836,108.24055"
 Tố Hữu,Hòa Cường Nam,hải châu,7.8,100,Bắc,Nhà mặt tiền,Giấy tờ hợp lệ,5,20,1,"16.03441,108.21851"
 Phan Thị Nể,Hòa Minh,liên chiểu,4.5,81,Đông Nam,Nhà mặt tiền,Giấy tờ hợp lệ,4.5,,3,"16.07961,108.16322"
 Phú Xuân 1,Hòa Minh,liên chiểu,3.5,100,Tây Nam,Nhà mặt tiền,Giấy tờ hợp lệ,5,20,1,"16.07302,108.16626"
 Nguyễn Bỉnh Khiêm,An Hải Tây,sơn trà,6,5,Tây,Nhà mặt tiền,Giấy tờ hợp lệ,5.3,9.57,3,"16.06415,108.23249"
 Ngô Quyền,An Hải Bắc,sơn trà,4.5,140,Không,Nhà mặt tiền,Không có,6,,2,"16.09631,108.24529"
 Nại Hiên Đông,Nại Hiên Đông,sơn trà,3.6,68,Tây Bắc,Nhà mặt tiền,Giấy tờ hợp lệ,4.5,15,2,"16.08794594,108.2298584"
 Bùi Dương Lịch,Nại Hiên Đông,sơn trà,4.45,7,Đông Nam,Nhà mặt tiền,Giấy tờ hợp lệ,4,16,3,"16.0895,108.23283"
 12 Cao Sơn Pháo,Hòa An,cẩm lệ,3.8,61,Đông Nam,Nhà mặt tiền,Giấy tờ hợp lệ,6,10,3,"16.05826,108.17668"
 12 Cù Chính Lan,Hòa Khê,thanh khê,5.9,78,Đông Bắc,Nhà mặt tiền,Giấy tờ hợp lệ,4.5,17,3,"16.0714016,108.19120789"
 Hùng Vương,Vĩnh Trung,thanh khê,5.4,11,Không,Nhà mặt tiền,Giấy tờ hợp lệ,7,16,2,"16.06689,108.21214"
 Tôn Đức Thắng,Hòa Minh,liên chiểu,3.69,60,Không,Nhà trong hẻm,Giấy tờ hợp lệ,4,15,3,"16.07067,108.15084"
 Đoàn Phú Tứ,Hòa Khánh Bắc,liên chiểu,1.75,58,Không,Nhà trong hẻm,Giấy tờ hợp lệ,,,1,"16.06926,108.14463"
 Nại Hiên Đông 8,Nại Hiên Đông,sơn trà,3.18,7,Đông,Nhà mặt tiền,Giấy tờ hợp lệ,4,18,2,"16.09258,108.23111"
 mt kỳ đồng Kỳ Đồng,Thạc Gián,thanh khê,8,85,Nam,Nhà mặt tiền,Giấy tờ hợp lệ,5,17,3,"16.07002,108.18854"
 kiệt 70 Nguyễn Du,Thạch Thang,hải châu,3.5,63,Đông Nam,Nhà trong hẻm,Giấy tờ hợp lệ,4.3,14,2,"16.07874,108.21804"
 Bạch Thái Bưởi,Hòa Khánh Bắc,liên chiểu,5.5,97,Tây Bắc,Nhà mặt tiền,Giấy tờ hợp lệ,5,19,3,"16.06913,108.14717"
 Trần Thủ Độ,Khuê Trung,cẩm lệ,9.7,103,Đông Nam,Nhà mặt tiền,Giấy tờ hợp lệ,5,20.3,4,"16.02417,108.21349"
 An Mỹ,An Hải Tây,sơn trà,4.5,60,Không,Nhà mặt tiền,Giấy tờ hợp lệ,4,15,1,"16.06265,108.23121"
 Hà Huy Tập,Hòa Khê,thanh khê,5.3,85,Không,Nhà mặt tiền,Giấy tờ hợp lệ,7,12,2,"16.0704,108.19171"
 An Thượng 38,Khuê Mỹ,ngũ hành sơn,8.699,60,Không,Nhà mặt tiền,Giấy tờ hợp lệ,4.5,15,4,"16.04689,108.24197"
 Trưng Nữ Vương,Hòa Thuận Tây,hải châu,30,336,Không,Nhà mặt tiền,Giấy tờ hợp lệ,9.5,32,3,"16.05375,108.21903"
 Vương Thừa Vũ,An Hải Bắc,sơn trà,36,,Không,Nhà mặt tiền,Giấy tờ hợp lệ,12,19,1,"16.08037,108.24486"
 Nguyễn Văn Linh,Vĩnh Trung,thanh khê,26.5,110,Không,Nhà mặt tiền,Giấy tờ hợp lệ,,,5,"16.05947,108.20843"
 Hoàng Sĩ Khải,An Hải Bắc,sơn trà,3.4,75,Không,Nhà trong hẻm,Giấy tờ hợp lệ,,,2,"16.07566,108.23193"
 Hà Huy Tập,Hòa Khê,thanh khê,3.75,66,Bắc,Nhà trong hẻm,Giấy tờ hợp lệ,6,11,3,"16.0704,108.19171"
 K23.35 Nguyễn Văn Huề,Thanh Khê Tây,thanh khê,2.3,64,Không,Nhà trong hẻm,Giấy tờ hợp lệ,9.4,8,2,"16.06917,108.17588"
 Tô Hiệu,Hòa Minh,liên chiểu,3.2,60,Không,Nhà mặt tiền,Giấy tờ hợp lệ,6,,3,"16.06424,108.16672"
 Phạm Như Xương,Hòa Khánh Nam,liên chiểu,1.45,65,Tây Nam,Nhà trong hẻm,Giấy tờ hợp lệ,5.5,,1,"16.06383,108.14822"
 Hàn Thuyên,Hòa Cường Bắc,hải châu,7.95,108,Không,Nhà mặt tiền,Giấy tờ hợp lệ,4.5,24,3,"16.03936,108.21621"
 Quốc lộ 1A,Xã Hòa Phước,hòa vang,2,121,Không,Nhà trong hẻm,Không có,,,2,"15.96907,108.20995"
 Phan Đăng Lưu,Hòa Cường Nam,hải châu,7.6,78,Không,Nhà mặt tiền,Không có,,,3,"16.03665,108.21825"
 Mai Đăng Chơn,Hòa Quý,ngũ hành sơn,15,370,Không,Nhà mặt tiền,Không có,,,3,"15.97666,108.23309"
 Nguyễn Hữu Thọ,Hòa Cường Nam,hải châu,52,500,Tây Bắc,Nhà mặt tiền,Giấy tờ hợp lệ,20,25,3,"16.03954,108.21035"
 Trưng Nữ Vương,Bình Thuận,hải châu,27,,Đông Nam,Nhà mặt tiền,Giấy tờ hợp lệ,8,22,1,"16.05375,108.21903"
 Dương Đức Hiền,Hòa Minh,liên chiểu,2.65,7,Đông Bắc,Nhà mặt tiền,Giấy tờ hợp lệ,4.5,16,1,"16.08288,108.16057"
 Tế Hanh,Hòa Xuân,cẩm lệ,3.95,11,Bắc,Nhà mặt tiền,Giấy tờ hợp lệ,5,22.5,2,"15.98764,108.21322"
 Ngô Quyền,An Hải Bắc,sơn trà,8.2,85,Tây Bắc,Nhà mặt tiền,Giấy tờ hợp lệ,6,14.4,3,"16.09631,108.24529"
 Đào Sư Tích,Hòa Minh,liên chiểu,3.85,60,Nam,Nhà mặt tiền,Giấy tờ hợp lệ,3.99,16.74,3,"16.05359,108.16691"
 Nguyễn Đỗ Cung,Hòa Minh,liên chiểu,5,110,Đông,Nhà mặt tiền,Giấy tờ hợp lệ,5,22,2,"16.06062,108.17027"
 Hà Huy Tập,Xuân Hà,thanh khê,11.5,98,Tây,Nhà mặt tiền,Giấy tờ hợp lệ,5,20,5,"16.0704,108.19171"
 Dương Vân Nga,Nại Hiên Đông,sơn trà,6.8,100,Đông Nam,Nhà mặt tiền,Giấy tờ hợp lệ,5,20,4,"16.09172,108.23162"
 Phạm Văn Bạch,Hòa Cường Nam,hải châu,4.5,76,Bắc,Nhà mặt tiền,Giấy tờ hợp lệ,4,19,1,"16.03197,108.22656"
 Bùi Vịnh,Hòa Phát,cẩm lệ,4.2,120,Nam,Nhà mặt tiền,Giấy tờ hợp lệ,5,24,2,"16.02131,108.20046"
 Nguyễn Thanh Năm,An Khê,thanh khê,3.2,75,Đông,Nhà mặt tiền,Giấy tờ hợp lệ,5,15,1,"16.03579,108.19075"
 Đoàn Phú Tứ,Hòa Khánh Bắc,liên chiểu,4.1,147,Tây Nam,Nhà mặt tiền,Giấy tờ hợp lệ,5,30,1,"16.06926,108.14463"
 Nguyễn Trác,Hòa Thuận Tây,hải châu,9,134,Đông Bắc,Nhà mặt tiền,Giấy tờ hợp lệ,5,27,2,"16.04123,108.20957"
 Trần Can,Hòa Khê,thanh khê,5.8,85,Tây Nam,Nhà mặt tiền,Giấy tờ hợp lệ,5,17,3,"16.0738,108.20758"
 An Mỹ,An Hải Tây,sơn trà,4.8,56,Tây Bắc,Nhà mặt tiền,Giấy tờ hợp lệ,4,14,1,"16.06265,108.23121"
 Ngô Trí Hòa,Nại Hiên Đông,sơn trà,3.2,7,Đông Bắc,Nhà mặt tiền,Giấy tờ hợp lệ,4,18,1,"16.09121,108.23348"
 Man Thiện,Hòa Thuận Tây,hải châu,8.9,96,Đông,Nhà mặt tiền,Giấy tờ hợp lệ,5,19.2,3,"16.05362,108.20609"
 Hoàng Đức Lương,An Hải Bắc,sơn trà,9,100,Tây Bắc,Nhà mặt tiền,Giấy tờ hợp lệ,5,20,3,"16.07525,108.23292"
 Võ Duy Ninh,Thọ Quang,sơn trà,5.3,130,Đông Nam,Nhà mặt tiền,Giấy tờ hợp lệ,5,25.7,2,"16.09291,108.24852"
 Lý Tự Trọng,Thạch Thang,hải châu,10.8,80,Nam,Nhà mặt tiền,Giấy tờ hợp lệ,4,20,2,"16.05067825,108.21286774"
 Ngô Chi Lan,Thuận Phước,hải châu,6.8,95,Tây,Nhà mặt tiền,Giấy tờ hợp lệ,6,21,1,"16.06903,108.21546"
 Vũ Quỳnh,Thanh Khê Tây,thanh khê,3.9,75,Đông Bắc,Nhà mặt tiền,Giấy tờ hợp lệ,5,15,1,"16.07717,108.17347"
 Trần Văn Đang,Khuê Trung,cẩm lệ,4.2,75,Đông Bắc,Nhà mặt tiền,Giấy tờ hợp lệ,5,15,2,"16.01969,108.20764"
 Man Thiện,Hòa Thuận Tây,hải châu,8.9,96,Đông,Nhà mặt tiền,Giấy tờ hợp lệ,5,19.2,3,"16.05362,108.20609"
 Hồ Huân Nghiệp,Mỹ An,ngũ hành sơn,5.1,90,Đông,Nhà mặt tiền,Giấy tờ hợp lệ,5,18,1,"16.03889,108.23781"
 Bùi Dương Lịch,Nại Hiên Đông,sơn trà,5.2,100,Tây Bắc,Nhà mặt tiền,Giấy tờ hợp lệ,5,20,3,"16.0895,108.23283"
 Lưu Nhân Chú,Khuê Trung,cẩm lệ,3.4,70,Đông Nam,Nhà mặt tiền,Giấy tờ hợp lệ,5,14,2,"16.02025,108.20802"
 An Mỹ 3,An Hải Tây,sơn trà,4.2,57,Đông Nam,Nhà mặt tiền,Giấy tờ hợp lệ,4.4,13,1,"16.06433,108.23117"
 Lưu Nhân Chú,Khuê Trung,cẩm lệ,3.4,70,Đông Nam,Nhà mặt tiền,Giấy tờ hợp lệ,5,14,2,"16.02025,108.20802"
 Nguyễn Thuật,Hòa An,cẩm lệ,3.15,90,Đông,Nhà mặt tiền,Giấy tờ hợp lệ,5,18,1,"16.0521,108.17708"
 Lê Chân,Nại Hiên Đông,sơn trà,5.1,80,Đông Nam,Nhà mặt tiền,Giấy tờ hợp lệ,5,16,2,"16.0907,108.23871"
 Trần Phú,Phước Ninh,hải châu,41,158,Không,Nhà mặt tiền,Giấy tờ hợp lệ,7,21,3,"16.07078,108.22397"
 An Nhơn 1,An Hải Bắc,sơn trà,6.45,73,Tây Bắc,Nhà mặt tiền,Giấy tờ hợp lệ,4.7,15.4,3,"16.07063,108.23322"
 Đoàn Trần Nghiệp,Hòa Khánh Bắc,liên chiểu,6,98,Đông Nam,Nhà mặt tiền,Giấy tờ hợp lệ,5,20,3,"16.0693,108.14883"
 Nguyễn Xuân Khoát,An Hải Bắc,sơn trà,9.5,110,Đông Bắc,Nhà mặt tiền,Giấy tờ hợp lệ,5,22,3,"16.06982,108.23675"
 Nguyễn Đỗ Cung,Hòa Minh,liên chiểu,3.85,83,Bắc,Nhà mặt tiền,Giấy tờ hợp lệ,5,17,3,"16.06062,108.17027"
 Núi Thành,Hòa Thuận Đông,hải châu,24,123,Đông,Nhà mặt tiền,Giấy tờ hợp lệ,7.1,17.8,3,"16.03194,108.22279"
 An Mỹ,An Hải Tây,sơn trà,4.2,56,Tây Bắc,Nhà mặt tiền,Giấy tờ hợp lệ,4,14,1,"16.06265,108.23121"
 An Nhơn 3,An Hải Bắc,sơn trà,8.5,117,Tây Bắc,Nhà mặt tiền,Giấy tờ hợp lệ,5.3,22,2,"16.06963,108.23429"
 Nguyễn Lương Bằng,Hòa Hiệp Nam,liên chiểu,5.3,14,Tây Nam,Nhà mặt tiền,Giấy tờ hợp lệ,5.9,36,1,"16.08075,108.14674"
 Hàn Thuyên,Hòa Cường Bắc,hải châu,7.8,11,Nam,Nhà mặt tiền,Giấy tờ hợp lệ,4.5,25,1,"16.03936,108.21621"
 Nước Mặn 2,Khuê Mỹ,ngũ hành sơn,5.1,95,Tây Nam,Nhà mặt tiền,Giấy tờ hợp lệ,5,19,2,"16.02124,108.25063"
 An Trung 8,An Hải Tây,sơn trà,3.9,58,Không,Nhà mặt tiền,Giấy tờ hợp lệ,5.5,11,2,"16.05655,108.23464"
 Xuân Thiều 11,Hòa Hiệp Nam,liên chiểu,3.6,100,Đông Nam,Nhà mặt tiền,Giấy tờ hợp lệ,5,20,1,"16.10256,108.13604"
 Ngô Quyền,An Hải Tây,sơn trà,12.5,87,Đông Bắc,Nhà mặt tiền,Giấy tờ hợp lệ,5,17.42,2,"16.09631,108.24529"
 Thái Thị Bôi,Chính Gián,thanh khê,2.95,45,Bắc,Nhà trong hẻm,Giấy tờ hợp lệ,4,11.5,3,"16.06831,108.1972"
 Nại Nghĩa 4,Nại Hiên Đông,sơn trà,3.6,50,Nam,Nhà trong hẻm,Giấy tờ hợp lệ,4,12.5,3,"16.08561,108.23101"
 Nguyễn Thanh Năm,An Khê,thanh khê,3,78,Tây Nam,Nhà mặt tiền,Giấy tờ hợp lệ,5,15.6,1,"16.03579,108.19075"
 Hàn Thuyên,Hòa Cường Bắc,hải châu,8.4,100,Bắc,Nhà mặt tiền,Giấy tờ hợp lệ,5,20,3,"16.03936,108.21621"
 Nguyễn Thanh Năm,An Khê,thanh khê,3.1,75,Đông Bắc,Nhà mặt tiền,Giấy tờ hợp lệ,5,15,1,"16.03579,108.19075"
 Gò Nãy 9,Hòa Minh,liên chiểu,3.8,85,Đông Nam,Nhà mặt tiền,Giấy tờ hợp lệ,5,17,2,"16.08094,108.1366"
 Nguyễn Trung Ngạn,Khuê Trung,cẩm lệ,5.2,125,Đông Nam,Nhà mặt tiền,Giấy tờ hợp lệ,5,25,2,"16.02276,108.2069"
 Cao Bá Nhạ,Mân Thái,sơn trà,4,75,Đông Nam,Nhà mặt tiền,Giấy tờ hợp lệ,5,15,2,"16.08803,108.2403"
 Sơn Thủy 2,Hòa Hải,ngũ hành sơn,4.8,115,Tây Bắc,Nhà mặt tiền,Giấy tờ hợp lệ,5,23,2,"16.01371,108.25355"
 Hoàng Đình Ái,Hòa Xuân,cẩm lệ,4.35,125,Đông,Nhà mặt tiền,Giấy tờ hợp lệ,5,25,2,"15.99713,108.21506"
 Mân Quang 4,Thọ Quang,sơn trà,3.9,110,Tây,Nhà mặt tiền,Giấy tờ hợp lệ,5,22,1,"16.10372,108.24584"
 Mai Lão Bạng,Thuận Phước,hải châu,7.3,93,Nam,Nhà mặt tiền,Giấy tờ hợp lệ,7.79,11.79,3,"16.08414,108.21865"
 Nguyễn Huy Tự,Hòa Minh,liên chiểu,2.95,7,Tây Nam,Nhà mặt tiền,Giấy tờ hợp lệ,4.5,16,2,"16.08181,108.15984"
 Đặng Thùy Trâm,Hòa Thuận Tây,hải châu,4.6,79,Tây Nam,Nhà trong hẻm,Giấy tờ hợp lệ,4.2,16.7,2,"16.05255,108.20845"
 Hồ Sĩ Tân,Nại Hiên Đông,sơn trà,7.8,153,Đông Nam,Nhà mặt tiền,Giấy tờ hợp lệ,30.4,,3,"16.09447,108.22971"
 Chu Mạnh Trinh,Khuê Trung,cẩm lệ,5,75,Tây,Nhà mặt tiền,Giấy tờ hợp lệ,4.5,,3,"16.03377,108.21313"
 Trần Cao Vân,Xuân Hà,thanh khê,11.2,105,Tây,Nhà mặt tiền,Giấy tờ hợp lệ,6.6,,3,"16.0738,108.20758"
 Hoàng Diệu,Bình Hiên,hải châu,5.2,70,Không,Nhà trong hẻm,Giấy tờ hợp lệ,7,10,3,"16.05467,108.21737"
 2/9,Thuận Phước,hải châu,2.6,80,Không,Nhà trong hẻm,Giấy tờ hợp lệ,5,13,1,"16.08311,108.22194"
 2/9,Thuận Phước,hải châu,2.8,70,Không,Nhà trong hẻm,Giấy tờ hợp lệ,10,7,2,"16.08311,108.22194"
 Tôn Đức Thắng,Hòa Minh,liên chiểu,2.5,60,Không,Nhà mặt tiền,Giấy tờ hợp lệ,4,3,5,"16.07067,108.15084"
 Nguyễn Giản Thanh,An Khê,thanh khê,6.95,110,Không,Nhà mặt tiền,Giấy tờ hợp lệ,52,,3,"16.05524,108.1861"
 Phan Tứ,Mỹ An,ngũ hành sơn,14.7,90,Không,Nhà mặt tiền,Giấy tờ hợp lệ,20,,1,"16.04607,108.24456"
 An Dương Vương,Mỹ An,ngũ hành sơn,11,614,Không,Nhà mặt tiền,Giấy tờ hợp lệ,5,20,7,"16.04387,108.23749"
 An Dương Vương,Mỹ An,ngũ hành sơn,10.9,614,Tây Nam,Nhà mặt tiền,Giấy tờ hợp lệ,5,20,7,"16.04387,108.23749"
 Dương Trí Trạch,An Hải Bắc,sơn trà,12.3,41,Không,Nhà mặt tiền,Giấy tờ hợp lệ,5,15,5,"16.07451,108.24024"
 Hoài Thanh,Mỹ An,ngũ hành sơn,12.95,160,Tây Nam,Nhà mặt tiền,Giấy tờ hợp lệ,10,16,3,"16.04427,108.23848"
 Đinh Lễ,Mân Thái,sơn trà,3.6,75,Đông Bắc,Nhà mặt tiền,Giấy tờ hợp lệ,5,17,2,"16.08749,108.23905"
 Đỗ Bá,Mỹ An,ngũ hành sơn,11.5,8,Đông Nam,Nhà mặt tiền,Giấy tờ hợp lệ,5,14,3,"16.05193,108.24696"
 Nguyễn Văn Thoại,Mỹ An,ngũ hành sơn,20.8,130,Bắc,Nhà mặt tiền,Giấy tờ hợp lệ,5.4,23.5,2,"16.05129,108.24253"
 Nguyễn Nghiêm,Hòa Khê,thanh khê,8.7,68,Không,Nhà mặt tiền,Không có,6,,4,"16.062,108.1909"
 Nguyễn Phước Nguyên,An Khê,thanh khê,6.2,93,Không,Nhà mặt tiền,Giấy tờ hợp lệ,5,,3,"16.05452,108.18347"
 Hàn Mạc Tử,Thuận Phước,hải châu,7,55,Không,Nhà mặt tiền,Giấy tờ hợp lệ,7,,3,"16.08542,108.21743"
 Thanh Thủy,Thanh Bình,hải châu,6,70,Không,Nhà mặt tiền,Giấy tờ hợp lệ,4.5,,1,"16.08232,108.21374"
 3/2,Thuận Phước,hải châu,6,77,Không,Nhà mặt tiền,Giấy tờ hợp lệ,5,,1,"16.08332,108.2223"
 Núi Thành,Hòa Cường Nam,hải châu,7.2,90,Không,Nhà mặt tiền,Giấy tờ hợp lệ,5,,3,"16.03194,108.22279"
 Đoàn Khuê,Khuê Mỹ,ngũ hành sơn,7.5,110,Không,Nhà mặt tiền,Giấy tờ hợp lệ,5,,3,"16.02914,108.24223"
 Cần Giuộc,An Khê,thanh khê,6.95,110,Không,Nhà mặt tiền,Giấy tờ hợp lệ,5,,3,"16.05659,108.18494"
 Tiên Sơn,Hòa Cường Nam,hải châu,6.9,8,Không,Nhà mặt tiền,Giấy tờ hợp lệ,5,,3,"16.02913,108.22021"
 Vùng Trung 5,Hòa Hải,ngũ hành sơn,7.85,,Không,Nhà mặt tiền,Giấy tờ hợp lệ,9,,2,"15.98977,108.26162"
 Vùng Trung 3,Hòa Hải,ngũ hành sơn,7.9,185,Không,Nhà mặt tiền,Giấy tờ hợp lệ,7.5,,3,"15.99111,108.25972"
 Khuê Mỹ Đông,Mỹ An,ngũ hành sơn,9.3,75,Không,Nhà mặt tiền,Giấy tờ hợp lệ,5,,3,"16.03956,108.24598"
 Lê Thị Hồng Gấm,Hòa Cường Nam,hải châu,5.8,74,Không,Nhà mặt tiền,Giấy tờ hợp lệ,5,,1,"16.03478,108.21788"
 Dương Quảng Hàm,Khuê Trung,cẩm lệ,6.1,85,Không,Nhà mặt tiền,Giấy tờ hợp lệ,5,,3,"16.03387,108.21396"
 Dương Quảng Hàm,Hòa Cường Bắc,hải châu,6.15,95,Không,Nhà mặt tiền,Giấy tờ hợp lệ,5,,3,"16.07505,108.22114"
 Lê Thanh Nghị,Khuê Trung,cẩm lệ,6.5,116,Không,Nhà mặt tiền,Giấy tờ hợp lệ,5,,3,"16.02363,108.22377"
 Thanh Thủy,Thanh Bình,hải châu,6.3,70,Không,Nhà mặt tiền,Giấy tờ hợp lệ,5,,1,"16.08232,108.21374"
 Lý Triện,An Khê,thanh khê,6.6,105,Không,Nhà mặt tiền,Giấy tờ hợp lệ,5,,3,"16.05945,108.18524"
 Thái Thị Bôi,An Khê,thanh khê,6.6,115,Không,Nhà mặt tiền,Giấy tờ hợp lệ,5.5,,3,"16.06831,108.1972"
 Tôn Đức Thắng,Hòa Minh,liên chiểu,24.99,330,Không,Nhà mặt tiền,Giấy tờ hợp lệ,10,,4,"16.07067,108.15084"
 Châu Thị Vĩnh Tế,Mỹ An,ngũ hành sơn,5.4,60,Không,Nhà mặt tiền,Giấy tờ hợp lệ,5,,2,"16.04978,108.24072"
 Tống Phước Phổ,Hòa Thuận Tây,hải châu,5.8,100,Không,Nhà mặt tiền,Giấy tờ hợp lệ,4.5,,3,"16.04524,108.22224"
 Nguyễn Đăng Đạo,Hòa Thuận Tây,hải châu,5.8,100,Không,Nhà mặt tiền,Giấy tờ hợp lệ,4.5,,3,"16.03788,108.20817"
 Nguyễn Đăng Đạo,Hòa Thuận Tây,hải châu,6.3,115,Không,Nhà mặt tiền,Giấy tờ hợp lệ,5,,3,"16.03788,108.20817"
 Hoàng Đạo Thúy,Hòa Phát,cẩm lệ,5.2,140,Không,Nhà mặt tiền,Giấy tờ hợp lệ,5,,3,"16.02004,108.19732"
 17 Bình An,Hòa Cường Bắc,hải châu,6.9,115,Không,Nhà mặt tiền,Giấy tờ hợp lệ,5.5,,3,"16.03859,108.21706"
 Phan Anh,Hòa Cường Bắc,hải châu,6.2,107,Không,Nhà mặt tiền,Giấy tờ hợp lệ,5,,3,"16.0364,108.21281"
 Lương Nhữ Hộc,Hòa Cường Bắc,hải châu,6.8,95,Không,Nhà mặt tiền,Giấy tờ hợp lệ,5,,3,"16.04037,108.21179"
 Núi Thành,Hòa Cường Bắc,hải châu,6.2,120,Không,Nhà mặt tiền,Giấy tờ hợp lệ,5,,3,"16.03194,108.22279"
 Dương Quảng Hàm,Hòa Thuận Tây,hải châu,5.8,95,Không,Nhà mặt tiền,Giấy tờ hợp lệ,4.7,,3,"16.07505,108.22114"
 Ông Ích Khiêm,Thanh Bình,hải châu,10.8,100,Không,Nhà mặt tiền,Giấy tờ hợp lệ,5.5,,3,"16.07838,108.21186"
 Châu Thị Vĩnh Tế,Mỹ An,ngũ hành sơn,32,189,Không,Nhà mặt tiền,Giấy tờ hợp lệ,15,,6,"16.04978,108.24072"
 Thanh Long,Thuận Phước,hải châu,8.7,115,Không,Nhà mặt tiền,Giấy tờ hợp lệ,7.5,,3,"16.08158,108.21386"
 Thanh Thủy,Thuận Phước,hải châu,8.69,119,Không,Nhà mặt tiền,Giấy tờ hợp lệ,7.9,,3,"16.08232,108.21374"
 Hải Hồ,Thuận Phước,hải châu,8.64,1,Không,Nhà mặt tiền,Giấy tờ hợp lệ,7.3,,3,"16.08023,108.21557"
 Thanh Sơn,Thuận Phước,hải châu,8.7,129,Không,Nhà mặt tiền,Giấy tờ hợp lệ,7.6,,4,"16.08051,108.21372"
 Hoàng Xuân Nhị,Hòa Cường Nam,hải châu,5.99,109,Không,Nhà mặt tiền,Giấy tờ hợp lệ,5,,3,"16.03424,108.21715"
 Lê Văn Quý,An Hải Bắc,sơn trà,7.9,115,Không,Nhà trong hẻm,Giấy tờ hợp lệ,11,,3,"16.0722,108.23854"
 Nguyễn Công Trứ,Phước Mỹ,sơn trà,4.5,80,Không,Nhà trong hẻm,Giấy tờ hợp lệ,4.5,,3,"16.06847,108.23054"
 Nguyễn Công Trứ,Phước Mỹ,sơn trà,4.5,80,Không,Nhà trong hẻm,Giấy tờ hợp lệ,4.5,,3,"16.06847,108.23054"
 Lý Tự Trọng,Hải Châu I,hải châu,5.8,68,Không,Nhà trong hẻm,Giấy tờ hợp lệ,6.5,,4,"16.07853,108.21389"
 Lê Văn Hưu,Mỹ An,ngũ hành sơn,5.15,168,Không,Nhà trong hẻm,Giấy tờ hợp lệ,6.3,,2,"16.04094,108.23881"
 Bà Huyện Thanh Quan,Mỹ An,ngũ hành sơn,5.15,186,Không,Nhà trong hẻm,Giấy tờ hợp lệ,6,,2,"16.04376,108.24501"
 Ngũ Hành Sơn,Mỹ An,ngũ hành sơn,5.15,186,Không,Nhà trong hẻm,Giấy tờ hợp lệ,6,,2,"16,108.26"
 Nguyễn Du,Thạch Thang,hải châu,5.3,70,Không,Nhà trong hẻm,Giấy tờ hợp lệ,6.2,,4,"16.07874,108.22068"
 Nguyễn Chí Thanh,Hải Châu I,hải châu,5.5,70,Không,Nhà trong hẻm,Giấy tờ hợp lệ,6.5,,4,"16.07735,108.22031"
 Lê Lợi,Thạch Thang,hải châu,5.59,65,Không,Nhà trong hẻm,Giấy tờ hợp lệ,6.3,,4,"16.0726,108.22022"
 Tiên Sơn,Hòa Cường Bắc,hải châu,7.8,85,Không,Nhà mặt tiền,Giấy tờ hợp lệ,5,,3,"16.02913,108.22021"
 Nguyễn Đăng Đạo,Hòa Thuận Tây,hải châu,5.95,100,Không,Nhà mặt tiền,Giấy tờ hợp lệ,4.5,,3,"16.03788,108.20817"
 Lê Văn Hiến,Hòa Hải,ngũ hành sơn,7.3,175,Không,Nhà mặt tiền,Giấy tờ hợp lệ,7.5,,2,"15.97728,108.26048"
 Phạm Huy Thông,Nại Hiên Đông,sơn trà,28.5,57,Tây Bắc,Nhà mặt tiền,Giấy tờ hợp lệ,12.5,21,9,"16.09197,108.22876"
 Đồng Phước Huyến,Hòa Quý,ngũ hành sơn,3.2,100,Đông Bắc,Nhà mặt tiền,Giấy tờ hợp lệ,5,20,1,"15.98696,108.2365"
 Nguyễn Sơn,Hòa Cường Nam,hải châu,7.6,87,Nam,Nhà mặt tiền,Giấy tờ hợp lệ,6.25,15,3,"16.03095,108.22963"
 Lê Văn Hiến,Khuê Mỹ,ngũ hành sơn,7.3,70,Tây,Nhà mặt tiền,Giấy tờ hợp lệ,3.6,20,4,"15.97728,108.26048"
 Phan Huy Ích,An Hải Tây,sơn trà,6,66,Bắc,Nhà mặt tiền,Giấy tờ hợp lệ,5.5,12,3,"16.05406,108.23438"
 Đoàn Khuê,Khuê Mỹ,ngũ hành sơn,7.2,95,Đông Bắc,Nhà mặt tiền,Giấy tờ hợp lệ,5,19,3,"16.02914,108.24223"
 An Dương Vương,Mỹ An,ngũ hành sơn,6.4,100,Tây Nam,Nhà mặt tiền,Giấy tờ hợp lệ,4.5,22,3,"16.04387,108.23749"
 Bùi Trang Chước,Hòa Xuân,cẩm lệ,5.7,100,Tây Nam,Nhà mặt tiền,Giấy tờ hợp lệ,5,20,3,"16.02417,108.21229"
 Nguyễn Tuân,An Hải Bắc,sơn trà,4.75,88,Tây Nam,Nhà mặt tiền,Giấy tờ hợp lệ,5,17.6,1,"16.08076,108.23252"
 Nguyễn Hữu An,Nại Hiên Đông,sơn trà,29.5,57,Tây Bắc,Nhà mặt tiền,Giấy tờ hợp lệ,12.5,21,9,"16.07103,108.24309"
 Mẹ Thứ,Hòa Xuân,cẩm lệ,5.6,115,Nam,Nhà mặt tiền,Giấy tờ hợp lệ,5,23,3,"16.00062,108.21767"
 Phan Đình Thông,Hòa Hải,ngũ hành sơn,4.8,140,Không,Nhà mặt tiền,Giấy tờ hợp lệ,7,20,2,"15.98728,108.27111"
 Lê Văn Hưu,Mỹ An,ngũ hành sơn,8.9,110,Bắc,Nhà mặt tiền,Giấy tờ hợp lệ,5,22,3,"16.04094,108.23881"
 Minh Mạng,Hòa Quý,ngũ hành sơn,3.29,100,Tây Nam,Nhà mặt tiền,Giấy tờ hợp lệ,5,20,2,"16.01664,108.25593"
 Hà Mục,Khuê Trung,cẩm lệ,5.6,100,Tây,Nhà mặt tiền,Giấy tờ hợp lệ,5,20,3,"16.01918,108.19537"
 Mẹ Thứ,Hòa Xuân,cẩm lệ,5.6,115,Nam,Nhà mặt tiền,Giấy tờ hợp lệ,5,23,3,"16.00062,108.21767"
 Trần Xuân Lê,Hòa Khê,thanh khê,6,100,Tây Nam,Nhà mặt tiền,Giấy tờ hợp lệ,5,20,2,"16.059,108.18735"
 Ông Ích Đường,Khuê Trung,cẩm lệ,5.2,83,Nam,Nhà trong hẻm,Giấy tờ hợp lệ,7.6,14,3,"16.01707,108.20465"
 Cù Chính Lan,Hòa Khê,thanh khê,3.7,45,Đông Bắc,Nhà trong hẻm,Giấy tờ hợp lệ,5.5,9,3,"16.0714016,108.19120789"
 Lê Văn Hưu,Mỹ An,ngũ hành sơn,5.25,185,Đông,Nhà trong hẻm,Giấy tờ hợp lệ,6,31,2,"16.04094,108.23881"
 Lê Văn Hưu,Mỹ An,ngũ hành sơn,5.35,185,Đông,Nhà trong hẻm,Giấy tờ hợp lệ,6,30,2,"16.04094,108.23881"
 Bình Than,Thọ Quang,sơn trà,2.5,7,Tây Bắc,Nhà trong hẻm,Giấy tờ hợp lệ,4.5,15,1,"16.09449,108.2414"
 Hà Huy Tập,Hòa Khê,thanh khê,3.18,63,Đông Nam,Nhà trong hẻm,Giấy tờ hợp lệ,3.5,18,3,"16.0704,108.19171"
 Lê Văn Hưu,Mỹ An,ngũ hành sơn,5.25,185,Đông,Nhà trong hẻm,Giấy tờ hợp lệ,6,31,2,"16.04094,108.23881"
 Nguyễn Văn Thoại,Mỹ An,ngũ hành sơn,8.2,108,Tây Nam,Nhà trong hẻm,Giấy tờ hợp lệ,5,21,3,"16.05129,108.24253"
 Nguyễn Duy Trinh,Hòa Hải,ngũ hành sơn,2.45,135,Đông Nam,Nhà trong hẻm,Giấy tờ hợp lệ,5,27,3,"15.99029,108.26711"
 Phan Thanh,Hải Châu II,hải châu,3.4,67,Đông Nam,Nhà trong hẻm,Giấy tờ hợp lệ,5.5,13,2,"16.05403,108.22089"
 Nguyễn Văn Côn,An Hải Đông,sơn trà,4.95,45,Đông,Nhà trong hẻm,Giấy tờ hợp lệ,5,11,3,"16.0639,108.233"
 Hóa Quê Trung,Hòa Cường Bắc,hải châu,7.5,120,Đông,Nhà mặt tiền,Giấy tờ hợp lệ,6,20,4,"16.04329,108.21986"
 Nguyễn Nhàn,Hòa Thọ Đông,cẩm lệ,2.15,94,Đông Nam,Nhà trong hẻm,Giấy tờ hợp lệ,5,,1,"16.01108,108.19622"
 Lê Độ,Tân Chính,thanh khê,1.95,40,Không,Nhà trong hẻm,Giấy tờ hợp lệ,4,,2,"16.07062,108.20136"
 Tôn Đản,Hòa Phát,cẩm lệ,2.85,100,Không,Nhà trong hẻm,Không có,5.5,,2,"16.04509,108.18114"
 Hải Phòng,Tân Chính,thanh khê,2.85,50,Không,Nhà trong hẻm,Giấy tờ hợp lệ,5.5,,2,"16.07085,108.20893"
 Nguyễn Thành Hãn,Hòa Thuận Tây,hải châu,8.7,110,Không,Nhà mặt tiền,Giấy tờ hợp lệ,6,,2,"16.04617,108.20828"
 2/9,Hải Châu I,hải châu,4.7,80,Không,Nhà mặt tiền,Giấy tờ hợp lệ,5,,2,"16.08311,108.22194"
 Đào Duy Từ,Bình Hiên,hải châu,5.2,70,Không,Nhà mặt tiền,Giấy tờ hợp lệ,6,,3,"16.06813,108.21305"
 Đỗ Quang,Bình Thuận,hải châu,3.1,50,Không,Nhà trong hẻm,Giấy tờ hợp lệ,5,,2,"16.07505,108.22114"
 Hóa Mỹ,Khuê Trung,cẩm lệ,4.7,7,Không,Nhà mặt tiền,Giấy tờ hợp lệ,5,,2,"16.03008,108.21299"
 Yên Khê 2,An Khê,thanh khê,3.7,50,Không,Nhà mặt tiền,Giấy tờ hợp lệ,4,,3,"16.0714016,108.19120789"
 Mẹ Nhu,An Khê,thanh khê,3.3,55,Không,Nhà trong hẻm,Giấy tờ hợp lệ,5,,3,"16.0669,108.17988"
 Hồ Biểu Chánh,Hòa Cường Bắc,hải châu,5.2,85,Không,Nhà mặt tiền,Giấy tờ hợp lệ,,,,"16.03502,108.21987"
 Lê Cơ,Hòa Cường Nam,hải châu,2.5,50,Không,Nhà trong hẻm,Giấy tờ hợp lệ,8,,2,"16.04241,108.21996"
 Nguyễn Hữu Thọ,Hòa Thuận Tây,hải châu,4.32,97,Không,Nhà trong hẻm,Giấy tờ hợp lệ,4.3,,2,"16.03954,108.21035"
 Cù Chính Lan,An Khê,thanh khê,4.2,86,Không,Nhà trong hẻm,Giấy tờ hợp lệ,4,,3,"16.0714016,108.19120789"
 An Thượng 18,Khuê Mỹ,ngũ hành sơn,4.55,55,Không,Nhà trong hẻm,Giấy tờ hợp lệ,4.5,,2,"16.04836,108.24055"
 Đỗ Quang,Vĩnh Trung,thanh khê,2.9,50,Không,Nhà trong hẻm,Không có,5,10,2,"16.06012,108.21207"
 Trưng Nhị,Hòa Thuận Tây,hải châu,3.29,51,Không,Nhà trong hẻm,Giấy tờ hợp lệ,4.6,11,2,"16.04512,108.21105"
 Trường Chinh,Hòa An,cẩm lệ,3.3,90,Không,Nhà mặt tiền,Giấy tờ hợp lệ,4.5,,2,"16.00735,108.19196"
 Thái Thị Bôi,Chính Gián,thanh khê,2.55,65,Không,Nhà trong hẻm,Giấy tờ hợp lệ,5.5,,2,"16.06831,108.1972"
 Trường Chinh,Khuê Trung,cẩm lệ,3.03,80,Không,Nhà trong hẻm,Giấy tờ hợp lệ,4,,2,"16.00735,108.19196"
 Đống Đa,Thuận Phước,hải châu,3.58,44,Không,Nhà trong hẻm,Giấy tờ hợp lệ,4,,3,"16.07503,108.21489"
 Bằng Lăng 1,An Hải Tây,sơn trà,11,100,Tây,Nhà mặt tiền,Giấy tờ hợp lệ,5,20,3,"16.08923,108.24709"
 Lý Tự Trọng,Hải Châu I,hải châu,12.8,80,Không,Nhà mặt tiền,Giấy tờ hợp lệ,5,,2,"16.07853,108.21389"
 Trần Hưng Đạo,An Hải Bắc,sơn trà,34,125,Không,Nhà mặt tiền,Giấy tờ hợp lệ,5,,4,"16.08968,108.22756"
 Lê Hữu Khánh,Khuê Mỹ,ngũ hành sơn,14,,Tây Bắc,Nhà mặt tiền,Giấy tờ hợp lệ,10,20,3,"16.02931,108.2398"
 Trần Hưng Đạo,An Hải Bắc,sơn trà,39,125,Tây,Nhà mặt tiền,Giấy tờ hợp lệ,5,,4,"16.08968,108.22756"
 Hoàng Xuân Hãn,Khuê Trung,cẩm lệ,10.4,100,Không,Nhà mặt tiền,Giấy tờ hợp lệ,5,,,"16.01426,108.20745"
 Lê Duẩn,Thạc Gián,thanh khê,21,7,Không,Nhà mặt tiền,Không có,5.2,,3,"16.06965,108.2106"
 Nguyễn Văn Linh,Nam Dương,hải châu,,5,Bắc,Nhà mặt tiền,Giấy tờ hợp lệ,9,25,2,"16.06072,108.21685"
 Trần Hưng Đạo,An Hải Bắc,sơn trà,20.5,100,Không,Nhà mặt tiền,Giấy tờ hợp lệ,5,,3,"16.08968,108.22756"
 Võ Thị Sáu,Thuận Phước,hải châu,6.5,5,Không,Nhà mặt tiền,Giấy tờ hợp lệ,,,3,"16.08663,108.21849"
 Lê Quảng Chí,Hòa Xuân,cẩm lệ,10,133,Đông Nam,Nhà mặt tiền,Giấy tờ hợp lệ,,,5,"16.00149,108.21537"
 Trần Bạch Đằng,Phước Mỹ,sơn trà,45,80,Đông,Nhà mặt tiền,Giấy tờ hợp lệ,15,,4,"16.07994,108.23045"
 Bạch Đằng,Hải Châu I,hải châu,80,170,Đông,Nhà mặt tiền,Giấy tờ hợp lệ,7,24,2,"16.08728,108.2213"
 Đặng Nguyên Cẩn,Hòa Cường Nam,hải châu,15,14,Đông,Nhà mặt tiền,Không có,10,,3,"16.03155,108.23018"
 Lê Lợi,Hải Châu I,hải châu,8.5,51,Tây,Nhà mặt tiền,Giấy tờ hợp lệ,4.3,,2,"16.0726,108.22022"
 An Thượng 18,Mỹ An,ngũ hành sơn,4.55,55,Không,Nhà mặt tiền,Giấy tờ hợp lệ,,,2,"16.04836,108.24055"
 Đoàn Khuê,Khuê Mỹ,ngũ hành sơn,7.5,110,Không,Nhà mặt tiền,Giấy tờ hợp lệ,5,,3,"16.02914,108.24223"
 Tô Hiệu,Hòa Minh,liên chiểu,4.35,100,Không,Nhà mặt tiền,Giấy tờ hợp lệ,,,2,"16.06424,108.16672"
 Kỳ Đồng,Xuân Hà,thanh khê,8.5,110,Không,Nhà mặt tiền,Giấy tờ hợp lệ,5,,3,"16.0714016,108.19120789"
 Lê Hữu Trác,An Hải Đông,sơn trà,8.5,190,Không,Nhà mặt tiền,Giấy tờ hợp lệ,7,,3,"16.05862,108.23956"
 Thanh Vinh 10,Hòa Khánh Bắc,liên chiểu,2.45,170,Không,Nhà mặt tiền,Không có,7,,1,"16.07536,108.13054"
 Núi Thành,Hòa Cường Bắc,hải châu,23,140,Không,Nhà mặt tiền,Giấy tờ hợp lệ,8,,3,"16.03194,108.22279"
 Lạc Long Quân,Hòa Khánh Bắc,liên chiểu,5.3,,Không,Nhà mặt tiền,Giấy tờ hợp lệ,5,,2,"16.07591,108.14428"
 Tôn Đức Thắng,Hòa Minh,liên chiểu,24,320,Không,Nhà mặt tiền,Giấy tờ hợp lệ,,,3,"16.07067,108.15084"
 Hoàng Đạo Thúy,Khuê Trung,cẩm lệ,4.9,130,Không,Nhà mặt tiền,Giấy tờ hợp lệ,6,,3,"16.02004,108.19732"
 Nguyễn Phước Nguyên,Hòa Khê,thanh khê,5.6,150,Không,Nhà mặt tiền,Giấy tờ hợp lệ,6,,1,"16.05452,108.18347"
 Lạc Long Quân,Hòa Khánh Bắc,liên chiểu,5.3,160,Không,Nhà mặt tiền,Giấy tờ hợp lệ,,,2,"16.07591,108.14428"
 Trưng Nữ Vương,Hòa Thuận Tây,hải châu,5,100,Không,Nhà mặt tiền,Giấy tờ hợp lệ,7,,3,"16.05375,108.21903"
 Lê Văn Thứ,Mân Thái,sơn trà,7.6,120,Không,Nhà mặt tiền,Giấy tờ hợp lệ,8,,,"16.08525,108.24438"
 Trường Chinh,Hòa Thọ Tây,cẩm lệ,5.5,100,Không,Nhà mặt tiền,Giấy tờ hợp lệ,8,,4,"16.00735,108.19196"
 Kỳ Đồng,Xuân Hà,thanh khê,3.6,65,Không,Nhà mặt tiền,Giấy tờ hợp lệ,5,,2,"16.0714016,108.19120789"
 Tố Hữu,Hòa Cường Bắc,hải châu,5.8,100,Không,Nhà mặt tiền,Giấy tờ hợp lệ,,,2,"16.03441,108.21851"
 Lê Trọng Tấn,Hòa Phát,cẩm lệ,4.6,60,Không,Nhà mặt tiền,Giấy tờ hợp lệ,,,3,"16.03512,108.18029"
 Tôn Đức Thắng,Hòa Minh,liên chiểu,7.7,130,Không,Nhà mặt tiền,Giấy tờ hợp lệ,,,2,"16.07067,108.15084"
 Hòa Mỹ 6,Hòa Minh,liên chiểu,4,70,Không,Nhà mặt tiền,Giấy tờ hợp lệ,5,,4,"16.05905,108.16313"
 Nguyễn Văn Thoại,An Hải Đông,sơn trà,6.5,180,Không,Nhà mặt tiền,Giấy tờ hợp lệ,7.5,,,"16.05747,108.24433"
 Châu Thị Vĩnh Tế,Mỹ An,ngũ hành sơn,32,150,Không,Nhà mặt tiền,Giấy tờ hợp lệ,15,,4,"16.04978,108.24072"
 Lương Nhữ Hộc,Khuê Trung,cẩm lệ,6.4,80,Không,Nhà mặt tiền,Giấy tờ hợp lệ,5,,,"16.0337,108.21094"
 Tôn Đức Thắng,Hòa Minh,liên chiểu,7.8,150,Không,Nhà mặt tiền,Giấy tờ hợp lệ,6,,2,"16.07067,108.15084"
 Hoàng Đạo Thúy,Hòa Phát,cẩm lệ,5.2,130,Không,Nhà mặt tiền,Giấy tờ hợp lệ,,,3,"16.02004,108.19732"
 Lương Nhữ Hộc,Hòa Cường Bắc,hải châu,5.5,100,Không,Nhà mặt tiền,Giấy tờ hợp lệ,,,2,"16.04037,108.21179"
 Nguyễn Đăng Đạo,Hòa Cường Bắc,hải châu,5.5,100,Không,Nhà mặt tiền,Giấy tờ hợp lệ,5,,3,"16.03788,108.20817"
 Hương Hải Thiền Sư,An Hải Bắc,sơn trà,5.1,120,Không,Nhà mặt tiền,Giấy tờ hợp lệ,6,,,"16.08597,108.23328"
 Tôn Quang Phiệt,Nại Hiên Đông,sơn trà,4.6,95,Không,Nhà mặt tiền,Giấy tờ hợp lệ,5,,2,"16.08849,108.23516"
 Võ Duy Ninh,Mân Thái,sơn trà,10,170,Không,Nhà mặt tiền,Giấy tờ hợp lệ,9,,2,"16.09291,108.24852"
 Hồ Sĩ Tân,Mân Thái,sơn trà,7.4,160,Không,Nhà mặt tiền,Giấy tờ hợp lệ,7,25,3,"16.09447,108.22971"
 Mẹ Nhu,Thanh Khê Đông,thanh khê,5.8,110,Không,Nhà mặt tiền,Giấy tờ hợp lệ,6,,3,"16.0669,108.17988"
 Nại Nghĩa 1,Nại Hiên Đông,sơn trà,2.95,70,Không,Nhà mặt tiền,Giấy tờ hợp lệ,6,,,"16.08634,108.23068"
 Nguyễn Tri Phương,Thạc Gián,thanh khê,29,320,Không,Nhà mặt tiền,Giấy tờ hợp lệ,10,,2,"16.06071,108.20523"
 Kinh Dương Vương,Hòa Minh,liên chiểu,6.5,90,Không,Nhà mặt tiền,Giấy tờ hợp lệ,5,,2,"16.07745,108.16551"
 Tố Hữu,Hòa Cường Nam,hải châu,10.9,120,Không,Nhà mặt tiền,Giấy tờ hợp lệ,15,,2,"16.03441,108.21851"
 Hà Huy Tập,Hòa Khê,thanh khê,4.95,100,Không,Nhà mặt tiền,Giấy tờ hợp lệ,8,,1,"16.0704,108.19171"
 An Dương Vương,Mỹ An,ngũ hành sơn,7,105,Không,Nhà mặt tiền,Giấy tờ hợp lệ,,,3,"16.04387,108.23749"
 Trương Định,Mân Thái,sơn trà,8.2,120,Không,Nhà mặt tiền,Giấy tờ hợp lệ,10,,3,"16.08935,108.24592"
 Dương Quảng Hàm,Hòa Cường Nam,hải châu,5.4,75,Không,Nhà mặt tiền,Giấy tờ hợp lệ,5,,3,"16.07505,108.22114"
 Ngô Thì Sĩ,Mỹ An,ngũ hành sơn,13.9,110,Không,Nhà mặt tiền,Giấy tờ hợp lệ,5,,2,"16.04771,108.24537"
 Phan Tứ,Mỹ An,ngũ hành sơn,14.5,75,Không,Nhà trong hẻm,Giấy tờ hợp lệ,,,,"16.04607,108.24456"
 Hà Huy Tập,An Khê,thanh khê,4.45,75,Không,Nhà trong hẻm,Giấy tờ hợp lệ,6,,3,"16.0704,108.19171"
 Hà Huy Tập,Hòa Khê,thanh khê,2.55,60,Không,Nhà trong hẻm,Giấy tờ hợp lệ,,,2,"16.0704,108.19171"
 Tiểu La,Hòa Cường Bắc,hải châu,4.1,90,Không,Nhà trong hẻm,Giấy tờ hợp lệ,,,3,"16.04649,108.22182"
 Lý Tự Trọng,Thạch Thang,hải châu,5.3,70,Không,Nhà trong hẻm,Giấy tờ hợp lệ,6.2,,3,"16.07853,108.21389"
 Lê Thanh Nghị,Hòa Cường Bắc,hải châu,6.8,100,Không,Nhà trong hẻm,Giấy tờ hợp lệ,,,5,"16.03029,108.21903"
 Nguyễn Công Trứ,An Hải Tây,sơn trà,3.55,70,Không,Nhà trong hẻm,Giấy tờ hợp lệ,,,2,"16.06847,108.23054"
 Ngô Quyền,An Hải Bắc,sơn trà,4.5,140,Không,Nhà trong hẻm,Giấy tờ hợp lệ,6,,2,"16.09631,108.24529"
 Trưng Nữ Vương,Bình Hiên,hải châu,2.2,90,Không,Nhà trong hẻm,Giấy tờ hợp lệ,6,,1,"16.05375,108.21903"
 Điện Biên Phủ,Thanh Khê Đông,thanh khê,4.25,55,Không,Nhà trong hẻm,Giấy tờ hợp lệ,5,11,3,"16.06715,108.196"
 Nguyễn Văn Thoại,Phước Mỹ,sơn trà,12,165,Không,Nhà trong hẻm,Giấy tờ hợp lệ,10,16.5,2,"16.05747,108.24433"
 Chế Lan Viên,Mỹ An,ngũ hành sơn,6.99,120,Không,Nhà trong hẻm,Giấy tờ hợp lệ,8,15,2,"16.04228,108.24575"
 Nguyễn Lữ,Mỹ An,ngũ hành sơn,28.7,70,Không,Nhà mặt tiền,Giấy tờ hợp lệ,15,18,3,"16.03409,108.24061"
 Hồ Xuân Hương,Mỹ An,ngũ hành sơn,15,90,Không,Nhà mặt tiền,Giấy tờ hợp lệ,5,18,5,"16.04025,108.24712"
 An Thượng 12,Mỹ An,ngũ hành sơn,3.5,40,Không,Nhà mặt tiền,Giấy tờ hợp lệ,4,10,2,"16.04766,108.24232"
 Tô Hiến Thành,Phước Mỹ,sơn trà,7.9,70,Không,Nhà mặt tiền,Giấy tờ hợp lệ,5,15,5,"16.06028,108.24304"
 Hồ Hán Thương,Nại Hiên Đông,sơn trà,8,100,Không,Nhà mặt tiền,Không có,5,20,4,"16.09272,108.23016"
 Phước Mỹ 1,Phước Mỹ,sơn trà,20,,Không,Nhà mặt tiền,Giấy tờ hợp lệ,10,22,2,"16.06608,108.24169"
 Đỗ Bá,Mỹ An,ngũ hành sơn,11.9,70,Không,Nhà mặt tiền,Giấy tờ hợp lệ,5,14,3,"16.05193,108.24696"
 Chính Hữu,Phước Mỹ,sơn trà,16.9,1,Không,Nhà mặt tiền,Giấy tờ hợp lệ,9,12,3,"16.10449,108.26139"
 Bằng Lăng 1,An Hải Tây,sơn trà,10.9,100,Không,Nhà mặt tiền,Giấy tờ hợp lệ,5,20,3,"16.08923,108.24709"
 An Thượng 29,Mỹ An,ngũ hành sơn,17,77,Không,Nhà mặt tiền,Giấy tờ hợp lệ,5,15,4,"16.04714,108.2421"
 Mạc Đăng Doanh,Hòa Xuân,cẩm lệ,3.9,100,Không,Nhà mặt tiền,Giấy tờ hợp lệ,5,200,3,"16.05069,108.17914"
 Nguyễn Thông,An Hải Tây,sơn trà,9.7,100,Không,Nhà mặt tiền,Giấy tờ hợp lệ,50,200,3,"16.06623,108.23107"
 An Thượng 38,Mỹ An,ngũ hành sơn,11.3,116,Không,Nhà mặt tiền,Giấy tờ hợp lệ,10,11.6,2,"16.04689,108.24197"
 Nguyễn Hàng Chi,Hòa Hiệp Nam,liên chiểu,3.45,140,Không,Nhà mặt tiền,Giấy tờ hợp lệ,7,20,2,"16.10103,108.133"
 Nguyễn Hữu Thọ,Hòa Cường Bắc,hải châu,24,125,Không,Nhà mặt tiền,Giấy tờ hợp lệ,5,25,5,"16.03954,108.21035"
 An Thượng 21,Mỹ An,ngũ hành sơn,12.5,160,Không,Nhà mặt tiền,Giấy tờ hợp lệ,9,18,2,"16.05281,108.23929"
 An Thượng 32,Mỹ An,ngũ hành sơn,15.5,75,Không,Nhà mặt tiền,Giấy tờ hợp lệ,4.5,16,5,"16.05121,108.24617"
 Trương Định,Nại Hiên Đông,sơn trà,7.7,96,Không,Nhà mặt tiền,Giấy tờ hợp lệ,13,15,3,"16.08935,108.24592"
 Cao Bá Quát,An Hải Tây,sơn trà,11.3,110,Không,Nhà mặt tiền,Giấy tờ hợp lệ,7,16,3,"16.06433,108.23061"
 An Thượng 32,Mỹ An,ngũ hành sơn,15,8,Không,Nhà mặt tiền,Giấy tờ hợp lệ,4.5,17,7,"16.05121,108.24617"
 Nại Tú 1,Nại Hiên Đông,sơn trà,3.3,53,Không,Nhà mặt tiền,Giấy tờ hợp lệ,4,14,2,"16.0808,108.22931"
 An Thượng 38,Mỹ An,ngũ hành sơn,8.8,60,Không,Nhà mặt tiền,Giấy tờ hợp lệ,5,12,4,"16.04689,108.24197"
 An Thượng 37,Khuê Mỹ,ngũ hành sơn,11.5,60,Không,Nhà mặt tiền,Giấy tờ hợp lệ,5,12,5,"16.04693,108.24217"
 Đà Nẵng Diên Hồng,Hòa Xuân,cẩm lệ,18,,Không,Nhà mặt tiền,Không có,10,20,7,"16.04287,108.16986"
 Tiên Sơn 20,Hòa Cường Nam,hải châu,9.2,180,Không,Nhà mặt tiền,Giấy tờ hợp lệ,10,18,2,"16.03084,108.21588"
 An Trung 8,An Hải Tây,sơn trà,4,58,Không,Nhà mặt tiền,Giấy tờ hợp lệ,5.5,11,2,"16.05655,108.23464"
 Nguyễn Tất Thành,Thanh Bình,hải châu,17.5,125,Không,Nhà mặt tiền,Giấy tờ hợp lệ,5,25,4,"16.08179,108.21196"
 Đô Đốc Tuyết,Hòa Xuân,cẩm lệ,3.8,96,Không,Nhà mặt tiền,Giấy tờ hợp lệ,5,19.5,2,"15.99456,108.21192"
 Trương Định,Mân Thái,sơn trà,8.1,110,Không,Nhà mặt tiền,Không có,9,12,3,"16.08935,108.24592"
 Hoàng Sĩ Khải,An Hải Bắc,sơn trà,3.4,75,Không,Nhà trong hẻm,Giấy tờ hợp lệ,3.5,21,2,"16.07566,108.23193"
 Lâm Hoành,Phước Mỹ,sơn trà,3.8,68,Không,Nhà trong hẻm,Giấy tờ hợp lệ,4,17,3,"16.06168,108.24547"
 Nguyễn Công Trứ,Phước Mỹ,sơn trà,3.55,70,Không,Nhà trong hẻm,Giấy tờ hợp lệ,4,15,2,"16.06847,108.23054"
 Vũ Tông Phan,Mân Thái,sơn trà,4.7,113,Không,Nhà trong hẻm,Giấy tờ hợp lệ,8,14,2,"16.09276,108.24662"
 Núi Thành,Hòa Cường Nam,hải châu,4.2,80,Không,Nhà trong hẻm,Giấy tờ hợp lệ,7,12,3,"16.03194,108.22279"
 Nguyễn Phan Vinh,Thọ Quang,sơn trà,5.7,90,Không,Nhà trong hẻm,Giấy tờ hợp lệ,7,13,3,"16.10053,108.25114"
 Chu Mạnh Trinh,Hòa Cường Nam,hải châu,4.7,73,Tây,Nhà mặt tiền,Giấy tờ hợp lệ,4.5,,1,"16.03377,108.21313"
 0-0 Nguyễn Thành Hãn,Hòa Thuận Tây,hải châu,2.7,60,Không,Nhà trong hẻm,Giấy tờ hợp lệ,4.5,13.2,1,"16.04617,108.20828"
 Nguyễn Duy Hiệu,An Hải Đông,sơn trà,3.75,78,Không,Nhà trong hẻm,Giấy tờ hợp lệ,3.5,23,2,"16.05584,108.23943"
 0-0 Dương Quảng Hàm,Khuê Trung,cẩm lệ,5.7,7,Không,Nhà mặt tiền,Giấy tờ hợp lệ,4.5,16,4,"16.03387,108.21396"
 Thanh Thủy,Thanh Bình,hải châu,6.25,65,Tây Bắc,Nhà mặt tiền,Giấy tờ hợp lệ,4.3,15,2,"16.08232,108.21374"
 Nguyễn Sơn,Hòa Cường Nam,hải châu,8,100,Bắc,Nhà mặt tiền,Giấy tờ hợp lệ,5,20,3,"16.03095,108.22963"
 Sơn Thủy 12,Hòa Hải,ngũ hành sơn,3.6,80,Đông Bắc,Nhà mặt tiền,Giấy tờ hợp lệ,5,16,2,"16.01298,108.25172"
 Bình An 7,Hòa Cường Bắc,hải châu,3.65,36,Tây Nam,Nhà mặt tiền,Giấy tờ hợp lệ,4.5,,2,"16.03699,108.21576"
 Mỹ An 12,Mỹ An,ngũ hành sơn,5.6,100,Không,Nhà mặt tiền,Giấy tờ hợp lệ,5,20,2,"16.04145,108.239"
 Tôn Thất Tùng,Thạc Gián,thanh khê,5.49,58,Không,Nhà mặt tiền,Giấy tờ hợp lệ,4.5,13,2,"16.0581,108.21239"
 Thái Phiên,Phước Ninh,hải châu,8.3,83,Tây,Nhà mặt tiền,Giấy tờ hợp lệ,4.5,18.5,3,"16.06509,108.22165"
 Đông Giang,An Hải Tây,sơn trà,5.3,70,Đông,Nhà mặt tiền,Giấy tờ hợp lệ,5,14,2,"16.06012,108.23263"
 Sơn Thủy Đông 3,Hòa Hải,ngũ hành sơn,7.8,100,Không,Nhà mặt tiền,Giấy tờ hợp lệ,5,20,5,"16.01511,108.25758"
 Tôn Quang Phiệt,Nại Hiên Đông,sơn trà,4.8,90,Tây,Nhà mặt tiền,Giấy tờ hợp lệ,4.5,20,1,"16.08849,108.23516"
 Nguyễn Hoàng,Hải Châu II,hải châu,8.7,53,Tây Bắc,Nhà mặt tiền,Giấy tờ hợp lệ,4.3,12,3,"16.05469,108.21202"
 Phước Trường 12,Phước Mỹ,sơn trà,7.2,80,Nam,Nhà mặt tiền,Không có,5,,3,"16.07788,108.24183"
 Chu Mạnh Trinh,Hòa Cường Nam,hải châu,4.65,75,Tây,Nhà mặt tiền,Giấy tờ hợp lệ,4.5,16.6,2,"16.03377,108.21313"
 Mai Dị,Hòa Cường Bắc,hải châu,6.4,77,Đông,Nhà mặt tiền,Giấy tờ hợp lệ,4.5,13.7,4,"16.0446,108.21827"
 Trần Văn Dư,Mỹ An,ngũ hành sơn,22.9,5,Đông Nam,Nhà mặt tiền,Giấy tờ hợp lệ,12,,4,"16.04149,108.24495"
 An Cư 4,An Hải Bắc,sơn trà,5.59,68,Đông,Nhà mặt tiền,Giấy tờ hợp lệ,4.5,15,1,"16.07287,108.24054"
 Ngô Quyền,Thọ Quang,sơn trà,7.5,108,Tây Bắc,Nhà mặt tiền,Giấy tờ hợp lệ,5,21,3,"16.09631,108.24529"
 Lê Đình Thám,Hòa Thuận Đông,hải châu,8.65,54,Bắc,Nhà mặt tiền,Giấy tờ hợp lệ,4.5,12,2,"16.04967,108.21624"
 Trần Phú,Hải Châu I,hải châu,16.99,93,Tây,Nhà mặt tiền,Giấy tờ hợp lệ,4,22.7,2,"16.07078,108.22397"
 Nguyễn Hữu Thọ,Hòa Thuận Tây,hải châu,13.5,85,Tây Nam,Nhà mặt tiền,Giấy tờ hợp lệ,4.1,20.5,3,"16.03954,108.21035"
 Tân Lập 1,Thạch Thang,hải châu,8.1,58,Tây Nam,Nhà mặt tiền,Giấy tờ hợp lệ,4,,2,"16.08132,108.22"
 Thanh Thủy,Thanh Bình,hải châu,5.8,57,Tây Bắc,Nhà mặt tiền,Giấy tờ hợp lệ,4,13,2,"16.08232,108.21374"
 An Thượng 16,Mỹ An,ngũ hành sơn,4.7,64,Tây Bắc,Nhà mặt tiền,Giấy tờ hợp lệ,4.7,,2,"16.04784,108.2418"
 Phạm Văn Bạch,Hòa Cường Nam,hải châu,5.8,90,Không,Nhà mặt tiền,Giấy tờ hợp lệ,4.5,20,2,"16.03197,108.22656"
 Nguyễn Thiện Kế,An Hải Đông,sơn trà,5.15,77,Đông Bắc,Nhà mặt tiền,Giấy tờ hợp lệ,5,,1,"16.06034,108.23891"
 An Thượng 38,Mỹ An,ngũ hành sơn,8.5,60,Tây Nam,Nhà mặt tiền,Giấy tờ hợp lệ,5,12,4,"16.04689,108.24197"
 Nguyễn Hoàng,Vĩnh Trung,thanh khê,11.5,75,Không,Nhà mặt tiền,Giấy tờ hợp lệ,4.5,17,4,"16.06021,108.21357"
 Nguyễn Đức Cảnh,Thuận Phước,hải châu,3.95,59,Không,Nhà mặt tiền,Giấy tờ hợp lệ,4.5,13,1,"16.08926,108.21863"
 An Dương Vương,Mỹ An,ngũ hành sơn,6.5,100,Tây Nam,Nhà mặt tiền,Giấy tờ hợp lệ,4.5,22,2,"16.04387,108.23749"
 Lý Đạo Thành,Mân Thái,sơn trà,5.3,100,Tây,Nhà mặt tiền,Giấy tờ hợp lệ,5,20,2,"16.08806,108.23958"
 An Cư 1,An Hải Bắc,sơn trà,5.7,56,Bắc,Nhà mặt tiền,Giấy tờ hợp lệ,4,14,2,"16.06764,108.24255"
 Phan Châu Trinh,Bình Thuận,hải châu,3.39,58,Bắc,Nhà trong hẻm,Giấy tờ hợp lệ,4.6,,2,"16.05775,108.21896"
 Đống Đa,Thuận Phước,hải châu,4.5,65,Tây Nam,Nhà trong hẻm,Giấy tờ hợp lệ,6,11,3,"16.07503,108.21489"
 Hùng Vương,Vĩnh Trung,thanh khê,3.7,119,Tây Nam,Nhà trong hẻm,Giấy tờ hợp lệ,5.37,,1,"16.06689,108.21214"
 Lý Tự Trọng,Thanh Bình,hải châu,3.25,79,Không,Nhà trong hẻm,Giấy tờ hợp lệ,5,14,1,"16.07853,108.21389"
 Hoàng Diệu,Bình Thuận,hải châu,3.58,5,Nam,Nhà trong hẻm,Giấy tờ hợp lệ,4,,3,"16.05467,108.21737"
 Phan Thanh,Thạc Gián,thanh khê,3.2,50,Không,Nhà trong hẻm,Giấy tờ hợp lệ,5,,3,"16.06302,108.20878"
 Cô Giang,Phước Ninh,hải châu,2.55,35,Tây Bắc,Nhà trong hẻm,Giấy tờ hợp lệ,4,,3,"16.062,108.2217"
 Nguyễn Văn Thoại,Khuê Mỹ,ngũ hành sơn,4.4,115,Tây,Nhà trong hẻm,Giấy tờ hợp lệ,5,23,1,"16.05129,108.24253"
 Hàm Tử,Mỹ An,ngũ hành sơn,6.7,167,Không,Nhà trong hẻm,Giấy tờ hợp lệ,5.8,28,2,"16.04702,108.23697"
 Hoàng Sĩ Khải,An Hải Bắc,sơn trà,3.4,75,Tây Bắc,Nhà trong hẻm,Giấy tờ hợp lệ,3.5,21.3,2,"16.07566,108.23193"
 Phan Thanh,Thạc Gián,thanh khê,4.5,68,Đông Nam,Nhà trong hẻm,Giấy tờ hợp lệ,4,17,2,"16.06302,108.20878"
 Cao Thắng,Thanh Bình,hải châu,3.7,75,Tây Nam,Nhà trong hẻm,Giấy tờ hợp lệ,4.3,17.5,1,"16.07657,108.21369"
 Trưng Nữ Vương,Bình Hiên,hải châu,2.35,35,Tây Nam,Nhà trong hẻm,Giấy tờ hợp lệ,3.2,11,2,"16.05375,108.21903"
 Mai Lão Bạng,Thuận Phước,hải châu,3.75,50,Đông Nam,Nhà trong hẻm,Giấy tờ hợp lệ,4.7,,4,"16.08414,108.21865"
 K20,Khuê Mỹ,ngũ hành sơn,3.2,100,Tây Nam,Nhà trong hẻm,Giấy tờ hợp lệ,5,20,1,"16.02427,108.24882"
 Mai Lão Bạng,Thuận Phước,hải châu,3.4,51,Đông Nam,Nhà trong hẻm,Giấy tờ hợp lệ,6,,3,"16.08414,108.21865"
 Sơn Thủy 12,Hòa Hải,ngũ hành sơn,3.6,80,Đông Bắc,Nhà mặt tiền,Không có,5,16,2,"16.01298,108.25172"
 Hồ Trung Lượng,Hòa Xuân,cẩm lệ,5.7,100,Đông Bắc,Nhà mặt tiền,Giấy tờ hợp lệ,5,20,4,"16.01794,108.23238"
 Nguyễn Bỉnh Khiêm,An Hải Tây,sơn trà,5.8,66,Đông Bắc,Nhà mặt tiền,Giấy tờ hợp lệ,5,,2,"16.06415,108.23249"
 Lưu Quang Thuận,Mỹ An,ngũ hành sơn,4.3,80,Nam,Nhà mặt tiền,Giấy tờ hợp lệ,4.5,17,1,"16.04071,108.24537"
 Võ Duy Ninh,Thọ Quang,sơn trà,5.3,125,Không,Nhà mặt tiền,Giấy tờ hợp lệ,5,25,2,"16.09291,108.24852"
 Nguyễn Tri Phương,Hòa Thuận Tây,hải châu,4.3,83,Tây Bắc,Nhà trong hẻm,Giấy tờ hợp lệ,3.5,23,3,"16.05232,108.21081"
 0-0 Thanh Hải,Thanh Bình,hải châu,8.9,10,Không,Nhà mặt tiền,Giấy tờ hợp lệ,7.4,13.8,3,"16.08158,108.21286"
 K7 Quang Trung,Hải Châu I,hải châu,5.6,68,Không,Nhà trong hẻm,Giấy tờ hợp lệ,7.5,9.2,3,"16.07512,108.22238"
 0-0 Phạm Cự Lượng,Phước Mỹ,sơn trà,9.6,11,Không,Nhà mặt tiền,Giấy tờ hợp lệ,4,28,3,"16.06044,108.23629"
 0-0 Trần Thái Tông,An Khê,thanh khê,5.3,98,Không,Nhà mặt tiền,Giấy tờ hợp lệ,7,14,2,"16.04077,108.18846"
 0-0 Nguyễn Phước Nguyên,Hòa Khê,thanh khê,4.98,80,Không,Nhà mặt tiền,Không có,5,16,3,"16.05452,108.18347"
 0-0 Lê Đại Hành,Hòa Thọ Đông,cẩm lệ,12.7,165,Không,Nhà mặt tiền,Giấy tờ hợp lệ,7.5,22,1,"16.02205,108.20023"
 0-0 Mai Thúc Lân,Mỹ An,ngũ hành sơn,18,135,Không,Nhà mặt tiền,Giấy tờ hợp lệ,6,22.5,2,"16.04228,108.24575"
 0-0 Phó Đức Chính,An Hải Bắc,sơn trà,6.2,9,Không,Nhà mặt tiền,Giấy tờ hợp lệ,4,23,2,"16.08276,108.23979"
 0-0 Thế Lữ,An Hải Bắc,sơn trà,14,300,Không,Nhà mặt tiền,Giấy tờ hợp lệ,10,30,2,"16.08281,108.23586"
 0-0 Phan Bôi,An Hải Bắc,sơn trà,7.8,76,Không,Nhà mặt tiền,Giấy tờ hợp lệ,5.1,15,3,"16.06902,108.23521"
 K47 Lý Thái Tổ,Thạc Gián,thanh khê,2.85,68,Không,Nhà trong hẻm,Giấy tờ hợp lệ,5,13.6,1,"16.06624,108.20912"
 0-0 Đỗ Bá,Mỹ An,ngũ hành sơn,12,70,Không,Nhà mặt tiền,Giấy tờ hợp lệ,5,14,3,"16.05193,108.24696"
 0-0 Nại Hiên Đông 12,Nại Hiên Đông,sơn trà,3.85,70,Không,Nhà mặt tiền,Giấy tờ hợp lệ,4.5,15.5,3,"16.09454,108.22894"
 0-0 Vũ Quỳnh,Thanh Khê Tây,thanh khê,3.95,75,Không,Nhà mặt tiền,Giấy tờ hợp lệ,5,15,1,"16.07717,108.17347"
 0-0 Xô Viết Nghệ Tĩnh,Khuê Trung,cẩm lệ,12.5,94,Không,Nhà mặt tiền,Giấy tờ hợp lệ,5,18.8,3,"16.03153,108.21205"
 0-0 Trịnh Đình Thảo,Khuê Trung,cẩm lệ,8.5,100,Tây Bắc,Nhà mặt tiền,Giấy tờ hợp lệ,5,20,3,"16.02612,108.21232"
 0-0 Lê Đình Dương,Phước Ninh,hải châu,13.5,67,Không,Nhà mặt tiền,Giấy tờ hợp lệ,4.2,16,3,"16.06251,108.21658"
 Lê Đại Hành,Hòa Thọ Đông,cẩm lệ,8.7,100,Bắc,Nhà mặt tiền,Giấy tờ hợp lệ,,,2,"16.02205,108.20023"
 Ngô Quyền,An Hải Tây,sơn trà,12,87,Đông,Nhà mặt tiền,Giấy tờ hợp lệ,,,2,"16.09631,108.24529"
 Phan Thúc Trực,Xã Hòa Châu,hòa vang,5.5,,Không,Nhà mặt tiền,Giấy tờ hợp lệ,,,1,"16.05316,108.24145"
 Trần Cao Vân,Tam Thuận,thanh khê,2.25,31,Không,Nhà trong hẻm,Giấy tờ hợp lệ,,,2,"16.0738,108.20758"
 Hoàng Diệu,Phước Ninh,hải châu,10.5,56,Tây Bắc,Nhà mặt tiền,Giấy tờ hợp lệ,,,3,"16.05467,108.21737"
 Lưu Nhân Chú,Khuê Trung,cẩm lệ,3.5,70,Đông Nam,Nhà mặt tiền,Giấy tờ hợp lệ,,,1,"16.02025,108.20802"
 Kha Vạng Cân,Xã Hòa Châu,hòa vang,3.25,100,Đông Bắc,Nhà mặt tiền,Giấy tờ hợp lệ,,,1,"16.00338,108.21032"
 Nguyễn Hồng Ánh,Xã Hòa Châu,hòa vang,6,95,Không,Nhà mặt tiền,Không có,,,3,"15.99754,108.20015"
 Lương Văn Can,Khuê Trung,cẩm lệ,5.3,85,Đông,Nhà mặt tiền,Giấy tờ hợp lệ,,,2,"16.02266,108.21062"
 Nguyễn Hoàng,Vĩnh Trung,thanh khê,2.6,43,Không,Nhà trong hẻm,Giấy tờ hợp lệ,,,3,"16.06021,108.21357"
 Phan Bá Vành,Nại Hiên Đông,sơn trà,7,150,Không,Nhà mặt tiền,Không có,10,15,2,"16.0996,108.23232"
 Huy Cận,Hòa Cường Nam,hải châu,5.6,70,Không,Nhà mặt tiền,Không có,5,14,3,"16.03315,108.21869"
 Lê Lai,Thạch Thang,hải châu,7,50,Không,Nhà mặt tiền,Không có,4.25,11.5,2,"16.07526,108.21788"
 Tiên Sơn 5,Hòa Cường Nam,hải châu,3.85,65,Không,Nhà mặt tiền,Giấy tờ hợp lệ,4,16.6,1,"16.03399,108.21983"
 Hồ Biểu Chánh,Hòa Cường Nam,hải châu,5,71,Không,Nhà mặt tiền,Không có,4,17.3,1,"16.03502,108.21987"
 An Dương Vương,Mỹ An,ngũ hành sơn,6,100,Không,Nhà mặt tiền,Không có,4.5,22,2,"16.04387,108.23749"
 Bùi Hữu Nghĩa,Phước Mỹ,sơn trà,5.2,66,Không,Nhà mặt tiền,Không có,4.1,16,3,"16.06569,108.24129"
 Hồ Tông Thốc,Hòa Cường Bắc,hải châu,5.6,93,Không,Nhà mặt tiền,Không có,5,18.5,2,"16.04054,108.21227"
 Yên Khê 2,Thanh Khê Tây,thanh khê,5,77,Không,Nhà mặt tiền,Không có,4.5,17.5,2,"16.0714016,108.19120789"
 Lê Thị Hồng Gấm,Hòa Cường Nam,hải châu,7.4,78,Không,Nhà mặt tiền,Không có,5.75,14.5,3,"16.03478,108.21788"
 Đa Phước 9,Khuê Mỹ,ngũ hành sơn,5.8,103,Không,Nhà mặt tiền,Không có,6,18,3,"16.02715,108.24152"
 Nguyễn Tất Thành,Xuân Hà,thanh khê,12.9,125,Không,Nhà mặt tiền,Không có,5,25,3,"16.07765,108.17369"
 Nguyễn Cao,Thanh Khê Đông,thanh khê,5,75,Không,Nhà mặt tiền,Không có,5,15,3,"16.07431,108.18068"
 Lê Bôi,Mân Thái,sơn trà,5.5,57,Không,Nhà mặt tiền,Không có,4.3,15,2,"16.08276,108.24726"
 Vũ Quỳnh,Thanh Khê Tây,thanh khê,3.9,75,Không,Nhà mặt tiền,Không có,5,15,1,"16.07717,108.17347"
 Trần Thánh Tông,Nại Hiên Đông,sơn trà,11.7,174,Không,Nhà mặt tiền,Không có,9,20,4,"16.09121,108.23348"
 Lê Bôi,Mân Thái,sơn trà,6,67,Không,Nhà mặt tiền,Không có,5,13,3,"16.08276,108.24726"
 Lưu Quý Kỳ,Hòa Cường Nam,hải châu,6.6,60,Không,Nhà mặt tiền,Không có,4.5,13.5,4,"16.03605,108.22335"
 Tống Phước Phổ,Hòa Cường Bắc,hải châu,6.6,68,Không,Nhà mặt tiền,Không có,5,13.5,3,"16.04524,108.22224"
 Ngọc Hồi,Hòa Minh,liên chiểu,3.5,75,Không,Nhà mặt tiền,Không có,5,15,1,"16.07413,108.16836"
 Hàn Mạc Tử,Thuận Phước,hải châu,4.8,64,Không,Nhà mặt tiền,Không có,4,15.5,2,"16.08542,108.21743"
 Phạm Tu,Phước Mỹ,sơn trà,5.2,64,Không,Nhà mặt tiền,Không có,4,16,3,"16.06653,108.24049"
 An Cư 2,Phước Mỹ,sơn trà,5.8,7,Không,Nhà mặt tiền,Không có,4,18,2,"16.06825,108.24206"
 Phú Lộc 5,Hòa Minh,liên chiểu,3.3,75,Không,Nhà mặt tiền,Không có,5,15,1,"16.07467,108.17041"
 Mai Thúc Lân,Mỹ An,ngũ hành sơn,17.35,121,Không,Nhà mặt tiền,Không có,5.83,20,1,"16.0472012,108.23857865"
 Tiên Sơn 8,Hòa Cường Nam,hải châu,10.3,120,Không,Nhà mặt tiền,Không có,7,17.5,3,"16.03654,108.22015"
 Nguyễn Thế Lộc,An Hải Bắc,sơn trà,12.2,123,Không,Nhà mặt tiền,Không có,7,18,3,"16.07877,108.22956"
 Điện Biên Phủ,Chính Gián,thanh khê,22.5,350,Không,Nhà mặt tiền,Không có,6,64,2,"16.06715,108.196"
 Lâm Hoành,Phước Mỹ,sơn trà,17,130,Không,Nhà mặt tiền,Không có,5,26,1,"16.06168,108.24547"
 Lê Văn Thủ,Khuê Mỹ,ngũ hành sơn,5.2,105,Không,Nhà mặt tiền,Không có,5,21,7,"16.03186,108.24017"
 Đoàn Khuê,Khuê Mỹ,ngũ hành sơn,7.5,110,Không,Nhà mặt tiền,Không có,5,22,5,"16.02914,108.24223"
 Bà Huyện Thanh Quan,Mỹ An,ngũ hành sơn,4.7,100,Không,Nhà mặt tiền,Không có,10,10,1,"16.04376,108.24501"
 Thủ Khoa Huân,An Hải Đông,sơn trà,21,343,Không,Nhà mặt tiền,Không có,12,27.5,1,"16.05639,108.24142"
 Nguyễn Thị Thập,Thanh Khê Tây,thanh khê,4.8,97,Không,Nhà mặt tiền,Không có,4.5,21.5,3,"16.0763,108.16941"
 Hà Huy Tập,Hòa Khê,thanh khê,25,310,Không,Nhà mặt tiền,Không có,12,23,3,"16.0704,108.19171"
 Thạch Lam,Phước Mỹ,sơn trà,11,170,Không,Nhà mặt tiền,Không có,9.7,18.5,1,"16.05732,108.24438"
 Bà Huyện Thanh Quan,Mỹ An,ngũ hành sơn,9.5,15,Không,Nhà mặt tiền,Không có,6,43,1,"16.04376,108.24501"
 Ngũ Hành Sơn,Mỹ An,ngũ hành sơn,7.2,75,Không,Nhà mặt tiền,Không có,4.2,18,2,"16,108.26"
 Trần Bình Trọng,Hải Châu I,hải châu,17.5,110,Không,Nhà mặt tiền,Không có,6.15,17,4,"16.066,108.21872"
 Hóa Sơn 2,Hòa Cường Nam,hải châu,3.85,56,Không,Nhà mặt tiền,Không có,4,14,2,"16.03189,108.22724"
 Bàu Trảng 5,Thanh Khê Tây,thanh khê,3.95,100,Không,Nhà mặt tiền,Không có,5,20,2,"16.06437,108.17927"
 Mai Thúc Lân,Mỹ An,ngũ hành sơn,15.8,13,Không,Nhà mặt tiền,Không có,6,22,1,"16.0472012,108.23857865"
 Nguyễn Tri Phương,Thạc Gián,thanh khê,31,76,Không,Nhà mặt tiền,Không có,9.6,29,3,"16.06071,108.20523"
 Núi Thành,Hòa Thuận Đông,hải châu,15,105,Không,Nhà mặt tiền,Không có,6.15,17,3,"16.03194,108.22279"
 Yên Khê 1,Thanh Khê Tây,thanh khê,5,76,Không,Nhà mặt tiền,Không có,5.8,14,2,"16.0714016,108.19120789"
 Phan Châu Trinh,Nam Dương,hải châu,14.5,106,Không,Nhà mặt tiền,Không có,5.6,19,4,"16.05775,108.21896"
 Trưng Nữ Vương,Hòa Thuận Tây,hải châu,11.5,86,Không,Nhà trong hẻm,Không có,11.8,23,2,"16.05067825,108.21286774"
 Hà Bổng,Phước Mỹ,sơn trà,6.5,97,Không,Nhà trong hẻm,Không có,5,19,2,"16.06664,108.24441"
 Bế Văn Đàn,Chính Gián,thanh khê,5.95,75,Không,Nhà mặt tiền,Không có,5,15,3,"16.06502,108.19853"
 Bình Minh,Bình Thuận,hải châu,8.6,99,Không,Nhà mặt tiền,Không có,4.5,22,1,"16.03236,108.2319"
 Thúc Tề,Hòa Khê,thanh khê,4.5,100,Không,Nhà mặt tiền,Không có,4.75,21,1,"16.05698,108.18584"
 2/9,Bình Hiên,hải châu,19.75,90,Không,Nhà mặt tiền,Không có,4.5,20,1,"16.08311,108.22194"
 Hoàng Thúc Trâm,Hòa Cường Bắc,hải châu,7.5,90,Không,Nhà mặt tiền,Không có,5,18,3,"16.04274,108.21396"
 Hùng Vương,Hải Châu II,hải châu,11.5,69,Không,Nhà mặt tiền,Không có,4,17,1,"16.06859,108.221"
 Ngô Thị Liễu,Hòa Cường Bắc,hải châu,5.3,83,Không,Nhà mặt tiền,Không có,5,16.5,3,"16.03786,108.21455"
 Tân An 2,Hòa Cường Bắc,hải châu,5.6,74,Không,Nhà mặt tiền,Không có,4.5,16.5,3,"16.03867,108.21342"
 Ỷ Lan Nguyên Phi,Hòa Cường Bắc,hải châu,7.75,90,Không,Nhà mặt tiền,Không có,4.5,20,3,"16.04088,108.21625"
 Thân Nhân Trung,Hòa Khê,thanh khê,5.6,81,Không,Nhà mặt tiền,Không có,4.5,18,3,"16.06322,108.19147"
 Phạm Phú Tiết,Khuê Trung,cẩm lệ,7.5,98,Không,Nhà mặt tiền,Không có,5,19.5,4,"16.03402,108.2086"
 Trần Văn Dư,Mỹ An,ngũ hành sơn,13.5,31,Không,Nhà mặt tiền,Không có,8.5,27,1,"16.04149,108.24495"
 Thanh Sơn,Thanh Bình,hải châu,14.5,161,Không,Nhà mặt tiền,Không có,9,18.2,1,"16.08051,108.21372"
 Nguyễn Duy Hiệu,An Hải Đông,sơn trà,9,14,Không,Nhà mặt tiền,Không có,6,23,1,"16.05584,108.23943"
 Tôn Đức Thắng,Hòa Minh,liên chiểu,6,104,Không,Nhà mặt tiền,Không có,5.13,24,1,"16.07067,108.15084"
 Mai Thúc Lân,Mỹ An,ngũ hành sơn,17.8,138,Không,Nhà mặt tiền,Không có,6,23,2,"16.0472012,108.23857865"
 Lê Phụng Hiểu,An Hải Bắc,sơn trà,9.7,119,Không,Nhà mặt tiền,Không có,7.3,17,3,"16.08017,108.23"
 Tôn Thất Đạm,Xuân Hà,thanh khê,13.85,90,Không,Nhà mặt tiền,Không có,4.5,20,6,"16.07247,108.20129"
 Hồ Sĩ Tân,Nại Hiên Đông,sơn trà,7.3,153,Không,Nhà mặt tiền,Không có,5.5,24,3,"16.09447,108.22971"
 Nguyễn Tri Phương,Thạc Gián,thanh khê,14.2,123,Không,Nhà mặt tiền,Không có,4.9,25,4,"16.06071,108.20523"
 Hà Huy Tập,Hòa Khê,thanh khê,25,310,Không,Nhà mặt tiền,Không có,10,23,3,"16.0704,108.19171"
 Điện Biên Phủ,Chính Gián,thanh khê,15,93,Không,Nhà mặt tiền,Không có,5.3,16,4,"16.06715,108.196"
 An Dương Vương,Mỹ An,ngũ hành sơn,5.7,99,Không,Nhà mặt tiền,Không có,4.5,22,2,"16.04387,108.23749"
 Quang Trung,Thạch Thang,hải châu,14,74,Không,Nhà mặt tiền,Không có,4.5,16,3,"16.07505,108.22114"
 Lương Ngọc Quyến,Thuận Phước,hải châu,10.5,76,Không,Nhà mặt tiền,Không có,11,7.1,3,"16.08109,108.21758"
 Mai Am,Thanh Bình,hải châu,7.9,105,Không,Nhà mặt tiền,Không có,7,15,3,"16.08628,108.21645"
 An Thượng 26,Mỹ An,ngũ hành sơn,13.45,90,Không,Nhà mặt tiền,Không có,4.5,20,4,"16.05515,108.24475"
 Lê Thị Hồng Gấm,Hòa Cường Nam,hải châu,7.2,80,Không,Nhà mặt tiền,Không có,5.75,14.5,3,"16.03478,108.21788"
 Phan Châu Trinh,Phước Ninh,hải châu,13,84,Không,Nhà mặt tiền,Không có,4.5,18,4,"16.05775,108.21896"
 Lý Thái Tông,Thanh Khê Tây,thanh khê,9,100,Không,Nhà mặt tiền,Không có,5,20,3,"16.07479,108.17553"
 Điện Biên Phủ,Chính Gián,thanh khê,13,7,Không,Nhà mặt tiền,Không có,6,15,3,"16.06715,108.196"
 Nại Hiên Đông 12,Nại Hiên Đông,sơn trà,2.8,69,Không,Nhà mặt tiền,Không có,4.5,15.3,3,"16.09454,108.22894"
 Trương Quyền,Mân Thái,sơn trà,4.2,66,Không,Nhà mặt tiền,Không có,5,13.2,2,"16.08711,108.2448"
 Mai Lão Bạng,Thuận Phước,hải châu,7.3,93,Không,Nhà mặt tiền,Không có,7.8,12,4,"16.08414,108.21865"
 2/9,Hòa Cường Nam,hải châu,29.5,560,Không,Nhà mặt tiền,Không có,8,40,1,"16.08311,108.22194"
 Hà Chương,Phước Mỹ,sơn trà,42,190,Không,Nhà mặt tiền,Không có,10,19,1,"16.06534,108.24453"
 Hà Huy Tập,Hòa Khê,thanh khê,12,310,Không,Nhà mặt tiền,Không có,10,23,3,"16.06220436,108.19241333"
 Thi Sách,Nam Dương,hải châu,4.1,85,Không,Nhà mặt tiền,Không có,5,17,1,"16.0546,108.20547"
 Nguyễn Tri Phương,Hòa Thuận Đông,hải châu,18,3,Không,Nhà trong hẻm,Không có,6,25,3,"16.05232,108.21081"
 Đặng Thùy Trâm,Hòa Thuận Tây,hải châu,8.5,158,Không,Nhà trong hẻm,Không có,8,19.4,3,"16.05255,108.20845"
 Nguyễn Bảo,Xã Hòa Châu,hòa vang,2.6,101,Đông,Nhà mặt tiền,Giấy tờ hợp lệ,5,20.3,1,"15.99949,108.20604"
 Dương Vân Nga,Nại Hiên Đông,sơn trà,5.5,100,Tây Bắc,Nhà mặt tiền,Giấy tờ hợp lệ,5,20,3,"16.09172,108.23162"
 Mân Quang 16,Thọ Quang,sơn trà,5.6,100,Tây Nam,Nhà mặt tiền,Giấy tờ hợp lệ,5,20,5,"16.10383,108.24602"
 Phan Bôi,An Hải Bắc,sơn trà,5.7,85,Tây,Nhà mặt tiền,Giấy tờ hợp lệ,5,17,2,"16.06902,108.23521"
 Tân Phú 2,Mân Thái,sơn trà,4.35,80,Bắc,Nhà mặt tiền,Giấy tờ hợp lệ,5,16,2,"16.08437,108.24514"
 Hồ Xuân Hương,Mỹ An,ngũ hành sơn,22,50,Không,Nhà mặt tiền,Giấy tờ hợp lệ,10.5,24,3,"16.04025,108.24712"
 Tôn Đức Thắng,Hòa Khánh Bắc,liên chiểu,17,168,Không,Nhà mặt tiền,Không có,8.3,17,1,"16.07067,108.15084"
 An Nhơn 3,An Hải Bắc,sơn trà,5.6,55,Không,Nhà mặt tiền,Không có,4.65,11.7,3,"16.06963,108.23429"
 Nại Hưng 2,Nại Hiên Đông,sơn trà,4.3,90,Không,Nhà mặt tiền,Không có,5,18,,"16.08204,108.2289"
 Võ Trường Toản,An Hải Bắc,sơn trà,3.2,5,Không,Nhà mặt tiền,Không có,4,13,1,"16.08015,108.22958"
 Hưng Hoá 7,Hòa Cường Nam,hải châu,5.9,7,Không,Nhà mặt tiền,Không có,4.5,16,2,"16.0353,108.21745"
 Phần Lăng 18,Hòa Khê,thanh khê,4.35,85,Không,Nhà mặt tiền,Không có,5,17,,"16.05425,108.18696"
 Nguyễn Thúy,Hòa Minh,liên chiểu,5.3,86,Không,Nhà mặt tiền,Không có,4.5,19.5,2,"16.08218,108.16009"
 Lương Thúc Kỳ,Hòa Hải,ngũ hành sơn,5.9,90,Không,Nhà mặt tiền,Không có,5,18,2,"16.01263,108.25483"
 Nguyễn Chí Diễu,An Hải Bắc,sơn trà,5.6,100,Không,Nhà mặt tiền,Không có,5,20,1,"16.0815,108.23326"
 Lương Ngọc Quyến,Thanh Bình,hải châu,7.5,45,Không,Nhà mặt tiền,Không có,4,11,2,"16.08109,108.21758"
 Hoài Thanh,Mỹ An,ngũ hành sơn,17,127,Không,Nhà mặt tiền,Không có,11,13,6,"16.04427,108.23848"
 Kỳ Đồng,Xuân Hà,thanh khê,8,85,Không,Nhà mặt tiền,Không có,5,17,3,"16.0714016,108.19120789"
 Hòa Minh 8,Hòa Minh,liên chiểu,3.95,11,Không,Nhà mặt tiền,Không có,6.2,18,,"16.08105,108.16354"
 Hồ Quý Ly,Thanh Khê Tây,thanh khê,6.7,95,Không,Nhà mặt tiền,Không có,5,19,2,"16.07641,108.17256"
 Dương Đức Hiền,Hòa Minh,liên chiểu,2.6,7,Không,Nhà mặt tiền,Không có,4.5,16,,"16.08288,108.16057"
 Lý Tự Trọng,Thanh Bình,hải châu,13.2,86,Không,Nhà mặt tiền,Không có,7,12,1,"16.07853,108.21389"
 Đào Nguyên Phổ,Hòa Minh,liên chiểu,3.99,70,Không,Nhà mặt tiền,Không có,5,14,2,"16.07377,108.17264"
 An Thượng 18,Mỹ An,ngũ hành sơn,4.5,51,Không,Nhà mặt tiền,Không có,4.41,11.5,,"16.04836,108.24055"
 Nguyễn Tất Thành,Thanh Khê Đông,thanh khê,8.5,125,Không,Nhà mặt tiền,Không có,5,25,3,"16.07765,108.17369"
 Hoài Thanh,Mỹ An,ngũ hành sơn,5,80,Không,Nhà mặt tiền,Không có,6,13.3,1,"16.04427,108.23848"
 Hoài Thanh,Mỹ An,ngũ hành sơn,5.6,70,Không,Nhà mặt tiền,Không có,6,12,2,"16.04427,108.23848"
 Trần Thanh Mại,An Hải Bắc,sơn trà,6,75,Không,Nhà mặt tiền,Không có,5,15,1,"16.07545,108.24057"
 Hoàng Diệu,Bình Thuận,hải châu,15,80,Không,Nhà mặt tiền,Không có,5.7,14,2,"16.05467,108.21737"
 Nguyễn Hoàng,Bình Hiên,hải châu,16.5,171,Không,Nhà mặt tiền,Không có,8.1,20,,"16.05469,108.21202"
 Nguyễn Minh Chấn,Hòa Khánh Nam,liên chiểu,2.75,90,Không,Nhà mặt tiền,Không có,5,18,,"16.05213,108.15848"
 Dương Bích Liên,Hòa Minh,liên chiểu,3.4,70,Không,Nhà mặt tiền,Không có,5,14,,"16.07324,108.17285"
 Lý Thái Tông,Hòa Minh,liên chiểu,7.5,100,Không,Nhà mặt tiền,Không có,5,20,2,"16.07022,108.17236"
 Nguyễn Huy Tự,Hòa Minh,liên chiểu,2.9,7,Không,Nhà mặt tiền,Không có,4.5,16,,"16.08181,108.15984"
 Trưng Nhị,Hòa Thuận Tây,hải châu,4.85,85,Không,Nhà trong hẻm,Giấy tờ hợp lệ,4.6,18.5,2,"16.04512,108.21105"
 Hoàng Diệu,Bình Hiên,hải châu,16.5,100,Không,Nhà mặt tiền,Giấy tờ hợp lệ,4.2,,3,"16.05467,108.21737"
 Lê Bôi,Mân Thái,sơn trà,2.8,31,Không,Nhà mặt tiền,Giấy tờ hợp lệ,4.5,,3,"16.08276,108.24726"
 Ngô Quyền,Mân Thái,sơn trà,3.85,35,Tây,Nhà mặt tiền,Giấy tờ hợp lệ,5,,3,"16.09631,108.24529"
 Nam Thọ,Thọ Quang,sơn trà,3.9,80,Không,Nhà mặt tiền,Giấy tờ hợp lệ,,,1,"16.09133,108.24778"
 Chu Huy Mân,Nại Hiên Đông,sơn trà,4.45,70,Không,Nhà mặt tiền,Giấy tờ hợp lệ,5,14,3,"16.09509,108.23387"
 Nguyễn Thị Hồng,Thọ Quang,sơn trà,3.8,68,Tây,Nhà mặt tiền,Giấy tờ hợp lệ,4.5,15,2,"16.09965,108.2482"
 Bùi Dương Lịch,Nại Hiên Đông,sơn trà,4.45,7,Không,Nhà mặt tiền,Giấy tờ hợp lệ,4,18,3,"16.0895,108.23283"
 Ngô Quyền,Thọ Quang,sơn trà,2.1,50,Không,Nhà trong hẻm,Không có,4,,,"16.09631,108.24529"
 Đặng Thái Thân,Hòa Hải,ngũ hành sơn,,100,Đông Bắc,Nhà trong hẻm,Giấy tờ hợp lệ,5,20,2,"16.0087,108.25543"
 Nguyễn Phan Vinh,Thọ Quang,sơn trà,2.2,91,Đông Nam,Nhà trong hẻm,Giấy tờ hợp lệ,5,14,2,"16.10053,108.25114"
 Nguyễn Phước Nguyên,An Khê,thanh khê,3.2,68,Tây Bắc,Nhà trong hẻm,Giấy tờ hợp lệ,6.5,,3,"16.05452,108.18347"
 Nguyễn Tất Thành,Xuân Hà,thanh khê,4,70,Đông Bắc,Nhà trong hẻm,Giấy tờ hợp lệ,5.22,,3,"16.07765,108.17369"
 Cù Chính Lan,Hòa Khê,thanh khê,4.3,165,Tây Nam,Nhà trong hẻm,Giấy tờ hợp lệ,5.6,,,"16.0714016,108.19120789"
 Nguyễn Huy Tự,Hòa Minh,liên chiểu,2.9,7,Tây Nam,Nhà mặt tiền,Giấy tờ hợp lệ,4.5,,,"16.08181,108.15984"
 Lý Thái Tông,Hòa Minh,liên chiểu,7.6,99,Đông Nam,Nhà mặt tiền,Giấy tờ hợp lệ,5,,3,"16.07022,108.17236"
 Bế Văn Đàn,Chính Gián,thanh khê,6.7,75,Nam,Nhà mặt tiền,Giấy tờ hợp lệ,5,15,3,"16.06502,108.19853"
 Bàu Năng 9,Hòa Minh,liên chiểu,4.5,85,Tây Nam,Nhà mặt tiền,Giấy tờ hợp lệ,5,17,3,"16.0692,108.17109"
 Pasteur,Hải Châu I,hải châu,63,300,Không,Nhà mặt tiền,Giấy tờ hợp lệ,9,,2,"16.07008,108.21881"
 Đào Nguyên Phổ,Hòa Minh,liên chiểu,3.9,70,Đông Bắc,Nhà mặt tiền,Giấy tờ hợp lệ,5,,3,"16.07377,108.17264"
 Núi Thành,Hòa Cường Bắc,hải châu,14,135,Tây,Nhà mặt tiền,Giấy tờ hợp lệ,5.4,,2,"16.03194,108.22279"
 Thân Nhân Trung,Hòa Khê,thanh khê,5.6,81,Đông,Nhà mặt tiền,Giấy tờ hợp lệ,4.5,,3,"16.06322,108.19147"
 Trần Can,Hòa Khê,thanh khê,5.6,85,Tây Nam,Nhà mặt tiền,Giấy tờ hợp lệ,5,,3,"16.0738,108.20758"
 Chu Mạnh Trinh,Khuê Trung,cẩm lệ,4.8,74,Tây,Nhà mặt tiền,Giấy tờ hợp lệ,4.5,,3,"16.03377,108.21313"
 Lý Triện,An Khê,thanh khê,7,81,Đông Bắc,Nhà mặt tiền,Giấy tờ hợp lệ,4.5,,3,"16.05945,108.18524"
 Phan Anh,Khuê Trung,cẩm lệ,6.2,85,Đông,Nhà mặt tiền,Giấy tờ hợp lệ,4.5,,,"16.0337,108.21262"
 Phần Lăng 18,Hòa Khê,thanh khê,4.2,85,Tây Bắc,Nhà mặt tiền,Không có,5,17,,"16.05425,108.18696"
 Lý Triện,An Khê,thanh khê,6.4,105,Đông Bắc,Nhà mặt tiền,Giấy tờ hợp lệ,5,21,3,"16.05945,108.18524"
 Nguyễn Thị Thập,Hòa Minh,liên chiểu,6.6,75,Đông Bắc,Nhà mặt tiền,Giấy tờ hợp lệ,5,15,3,"16.07492,108.17152"
 Phần Lăng 17,Hòa Khê,thanh khê,5.7,85,Tây Bắc,Nhà mặt tiền,Giấy tờ hợp lệ,5,17,3,"16.05954,108.18455"
 Thân Nhân Trung,Hòa Khê,thanh khê,5.2,81,Tây,Nhà mặt tiền,Giấy tờ hợp lệ,4.5,,3,"16.06322,108.19147"
 Nguyễn Phước Nguyên,An Khê,thanh khê,3.2,5,Đông Nam,Nhà trong hẻm,Giấy tờ hợp lệ,4.5,,2,"16.05452,108.18347"
 Nguyễn Hữu Thọ,Hòa Thuận Tây,hải châu,3.75,51,Đông Bắc,Nhà trong hẻm,Giấy tờ hợp lệ,6.7,,3,"16.03954,108.21035"
 Trưng Nữ Vương,Hòa Thuận Đông,hải châu,3.6,75,Đông,Nhà trong hẻm,Giấy tờ hợp lệ,4.12,,,"16.05375,108.21903"
 Lê Độ,Chính Gián,thanh khê,2.2,76,Nam,Nhà trong hẻm,Giấy tờ hợp lệ,4.7,,,"16.07062,108.20136"
 Thái Thị Bôi,Chính Gián,thanh khê,5.8,53,Bắc,Nhà mặt tiền,Giấy tờ hợp lệ,4,,3,"16.06831,108.1972"
 Lý Triện,An Khê,thanh khê,6.2,83,Đông Bắc,Nhà mặt tiền,Giấy tờ hợp lệ,4.5,,2,"16.05945,108.18524"
 Phan Phú Tiên,Thanh Khê Tây,thanh khê,5.3,65,Tây Nam,Nhà mặt tiền,Giấy tờ hợp lệ,5,13,3,"16.07562,108.1761"
 Phần Lăng 9,Hòa Khê,thanh khê,5.35,7,Đông Bắc,Nhà mặt tiền,Giấy tờ hợp lệ,4.5,,3,"16.05747,108.18768"
 Nguyễn Hoàng,Bình Hiên,hải châu,6.8,7,Tây Bắc,Nhà mặt tiền,Giấy tờ hợp lệ,4,,,"16.05469,108.21202"
 Hồ Xuân Hương,Khuê Mỹ,ngũ hành sơn,27.8,166,Không,Nhà mặt tiền,Không có,,,3,"16.04025,108.24712"
 Điện Biên Phủ,Chính Gián,thanh khê,4.3,86,Không,Nhà trong hẻm,Không có,,,2,"16.06715,108.196"
 Nguyễn Thị Minh Khai,Thạch Thang,hải châu,15.2,60,Không,Nhà mặt tiền,Không có,,,3,"16.0744,108.21805"
 Phú Xuân 2,Hòa Minh,liên chiểu,5.15,100,Không,Nhà mặt tiền,Không có,,,3,"16.07334,108.16886"
 Phần Lăng 18,Hòa Khê,thanh khê,4.1,85,Không,Nhà mặt tiền,Không có,,,1,"16.05425,108.18696"
 Bùi Huy Bích,Nại Hiên Đông,sơn trà,4.55,75,Tây Bắc,Nhà mặt tiền,Giấy tờ hợp lệ,,,2,"16.09251,108.23074"
 Nguyễn Hữu Thọ,Hòa Thuận Tây,hải châu,15.5,90,Tây,Nhà mặt tiền,Giấy tờ hợp lệ,,,3,"16.03954,108.21035"
 Duy Tân,Hòa Thuận Đông,hải châu,6.9,4,Nam,Nhà mặt tiền,Giấy tờ hợp lệ,,,3,"16.05102,108.20813"
 Tùng Thiện Vương,Khuê Mỹ,ngũ hành sơn,5.1,95,Tây Nam,Nhà mặt tiền,Giấy tờ hợp lệ,,,2,"16.0267,108.24292"
 An Cư 4,An Hải Bắc,sơn trà,5.9,67,Đông,Nhà mặt tiền,Giấy tờ hợp lệ,,,1,"16.07287,108.24054"
 Mai Dị,Hòa Cường Bắc,hải châu,6.3,77,Đông,Nhà mặt tiền,Giấy tờ hợp lệ,,,4,"16.0446,108.21827"
 Ngũ Hành Sơn,Mỹ An,ngũ hành sơn,6.2,66,Đông Bắc,Nhà mặt tiền,Giấy tờ hợp lệ,,,3,"16,108.26"
 Võ Nguyên Giáp,Khuê Mỹ,ngũ hành sơn,27.7,188,Đông Bắc,Nhà mặt tiền,Giấy tờ hợp lệ,,,3,"16.03004,108.25414"
 Nguyễn Tri Phương,Hòa Thuận Tây,hải châu,9.5,114,Đông Bắc,Nhà mặt tiền,Giấy tờ hợp lệ,,,3,"16.05232,108.21081"
 Phước Trường 5,Phước Mỹ,sơn trà,6.6,80,Đông Bắc,Nhà mặt tiền,Giấy tờ hợp lệ,,,2,"16.08128,108.24519"
 Trần Phú,Phước Ninh,hải châu,17,93,Tây,Nhà mặt tiền,Giấy tờ hợp lệ,,,2,"16.07078,108.22397"
 Nguyễn Bỉnh Khiêm,An Hải Tây,sơn trà,5.8,66,Không,Nhà mặt tiền,Giấy tờ hợp lệ,,,2,"16.06415,108.23249"
 Phạm Văn Bạch,Hòa Cường Nam,hải châu,6,90,Nam,Nhà mặt tiền,Giấy tờ hợp lệ,,,2,"16.03197,108.22656"
 Ngô Trí Hòa,Nại Hiên Đông,sơn trà,2.7,7,Đông Bắc,Nhà mặt tiền,Giấy tờ hợp lệ,,,2,"16.09121,108.23348"
 Phạm Ngọc Thạch,Thuận Phước,hải châu,5.2,60,Đông,Nhà mặt tiền,Giấy tờ hợp lệ,,,2,"16.08842,108.21714"
 An Trung Đông 6,An Hải Bắc,sơn trà,4.8,50,Tây Bắc,Nhà mặt tiền,Giấy tờ hợp lệ,,,3,"16.05975,108.23535"
 Nguyễn Hoàng,Hải Châu II,hải châu,8.7,53,Tây Bắc,Nhà mặt tiền,Giấy tờ hợp lệ,,,2,"16.05469,108.21202"
 Ngũ Hành Sơn,Mỹ An,ngũ hành sơn,11,90,Tây,Nhà mặt tiền,Giấy tờ hợp lệ,,,3,"16,108.26"
 An Dương Vương,Mỹ An,ngũ hành sơn,5.7,99,Tây,Nhà mặt tiền,Giấy tờ hợp lệ,,,2,"16.04387,108.23749"
 3/2,Thuận Phước,hải châu,17,125,Tây Nam,Nhà mặt tiền,Giấy tờ hợp lệ,,,3,"16.08332,108.2223"
 Bùi Dương Lịch,Nại Hiên Đông,sơn trà,4.49,7,Đông Nam,Nhà mặt tiền,Giấy tờ hợp lệ,,,2,"16.0895,108.23283"
 Bùi Lâm,Nại Hiên Đông,sơn trà,3.45,56,Tây Bắc,Nhà mặt tiền,Giấy tờ hợp lệ,,,2,"16.08597,108.23328"
 Tôn Quang Phiệt,An Hải Bắc,sơn trà,5.5,90,Tây Nam,Nhà mặt tiền,Giấy tờ hợp lệ,,,2,"16.08849,108.23516"
 Sơn Thủy 2,Hòa Hải,ngũ hành sơn,5,115,Tây Bắc,Nhà mặt tiền,Giấy tờ hợp lệ,,,2,"16.01371,108.25355"
 Bàu Hạc 1,Vĩnh Trung,thanh khê,6.3,65,Nam,Nhà mặt tiền,Giấy tờ hợp lệ,,,2,"16.06437,108.21423"
 Lý Đạo Thành,Mân Thái,sơn trà,5.3,100,Tây Bắc,Nhà mặt tiền,Giấy tờ hợp lệ,,,2,"16.08806,108.23958"
 Mỹ Khê,Phước Mỹ,sơn trà,9.5,94,Bắc,Nhà mặt tiền,Giấy tờ hợp lệ,,,3,"16.06339,108.23987"
 Trần Nhân Tông,Thọ Quang,sơn trà,6.5,96,Tây Bắc,Nhà mặt tiền,Giấy tờ hợp lệ,,,3,"16.09665,108.24381"
 Lưu Trọng Lư,Hòa Cường Nam,hải châu,5.7,70,Tây Bắc,Nhà mặt tiền,Giấy tờ hợp lệ,,,4,"16.03176,108.23118"
 An Nhơn 8,An Hải Bắc,sơn trà,6.7,86,Tây Bắc,Nhà mặt tiền,Giấy tờ hợp lệ,,,2,"16.06862,108.23373"
 An Thượng 16,Mỹ An,ngũ hành sơn,4.7,64,Tây Bắc,Nhà mặt tiền,Giấy tờ hợp lệ,,,2,"16.04784,108.2418"
 Nại Tú 1,Nại Hiên Đông,sơn trà,3.4,53,Tây,Nhà mặt tiền,Giấy tờ hợp lệ,,,2,"16.0808,108.22931"
 Trần Hưng Đạo,An Hải Tây,sơn trà,18.2,100,Đông,Nhà mặt tiền,Giấy tờ hợp lệ,,,2,"16.08968,108.22756"
 An Thượng 38,Mỹ An,ngũ hành sơn,8.5,60,Không,Nhà mặt tiền,Giấy tờ hợp lệ,,,5,"16.04689,108.24197"
 Trần Văn Thành,Khuê Mỹ,ngũ hành sơn,4.99,78,Tây Nam,Nhà mặt tiền,Giấy tờ hợp lệ,,,2,"16.03928,108.24801"
 Nguyễn Tri Phương,Hòa Thuận Tây,hải châu,6.2,90,Tây Bắc,Nhà mặt tiền,Giấy tờ hợp lệ,,,2,"16.05232,108.21081"
 Lê Cơ,Hòa Cường Bắc,hải châu,4.5,5,Bắc,Nhà trong hẻm,Giấy tờ hợp lệ,,,3,"16.04241,108.21996"
 Núi Thành,Hòa Cường Nam,hải châu,3.6,43,Bắc,Nhà trong hẻm,Giấy tờ hợp lệ,,,3,"16.03194,108.22279"
 Nguyễn Thị Minh Khai,Thạch Thang,hải châu,4.25,5,Bắc,Nhà trong hẻm,Giấy tờ hợp lệ,,,3,"16.0744,108.21805"
 Lê Thanh Nghị,Hòa Cường Bắc,hải châu,3.75,69,Tây Nam,Nhà trong hẻm,Giấy tờ hợp lệ,,,2,"16.03029,108.21903"
 Ông Ích Khiêm,Vĩnh Trung,thanh khê,2.75,5,Đông,Nhà trong hẻm,Giấy tờ hợp lệ,,,2,"16.06653,108.2142"
 Cù Chính Lan,Hòa Khê,thanh khê,3.45,68,Đông Nam,Nhà trong hẻm,Giấy tờ hợp lệ,,,2,"16.0714016,108.19120789"
 Lê Duẩn,Chính Gián,thanh khê,4.5,79,Đông Nam,Nhà trong hẻm,Giấy tờ hợp lệ,,,2,"16.06965,108.2106"
 Hồ Xuân Hương,Khuê Mỹ,ngũ hành sơn,3.45,68,Đông Bắc,Nhà trong hẻm,Giấy tờ hợp lệ,,,2,"16.04025,108.24712"
 Đặng Vũ Hỷ,Phước Mỹ,sơn trà,5.2,8,Nam,Nhà trong hẻm,Giấy tờ hợp lệ,,,1,"16.06005,108.23989"
 Trưng Nữ Vương,Hòa Thuận Đông,hải châu,1.59,30,Tây Nam,Nhà trong hẻm,Giấy tờ hợp lệ,,,2,"16.05375,108.21903"
 2/9,Hòa Cường Nam,hải châu,4.35,97,Nam,Nhà trong hẻm,Giấy tờ hợp lệ,,,2,"16.08311,108.22194"
 Nguyễn Hoàng,Bình Thuận,hải châu,1.85,7,Tây,Nhà trong hẻm,Giấy tờ hợp lệ,,,1,"16.05469,108.21202"
 Trưng Nữ Vương,Hòa Thuận Đông,hải châu,2.89,44,Nam,Nhà trong hẻm,Giấy tờ hợp lệ,,,2,"16.05375,108.21903"
 Lý Thái Tổ,Thạc Gián,thanh khê,2.59,50,Nam,Nhà trong hẻm,Giấy tờ hợp lệ,,,2,"16.06628,108.20862"
 Nguyễn Phước Nguyên,An Khê,thanh khê,3.6,65,Tây Bắc,Nhà trong hẻm,Giấy tờ hợp lệ,,,3,"16.05452,108.18347"
 Tiểu La,Hòa Cường Bắc,hải châu,3.89,50,Đông Bắc,Nhà trong hẻm,Giấy tờ hợp lệ,,,4,"16.05067825,108.21286774"
 Phan Thanh,Thạc Gián,thanh khê,4.5,68,Đông Nam,Nhà trong hẻm,Giấy tờ hợp lệ,,,2,"16.06302,108.20878"
 Ông Ích Khiêm,Hải Châu II,hải châu,3.05,65,Tây Bắc,Nhà trong hẻm,Giấy tờ hợp lệ,,,3,"16.07838,108.21186"
 Trần Cao Vân,Xuân Hà,thanh khê,3.4,80,Bắc,Nhà trong hẻm,Giấy tờ hợp lệ,,,1,"16.0738,108.20758"
 Hà Huy Tập,Hòa Khê,thanh khê,3.7,61,Tây Bắc,Nhà trong hẻm,Giấy tờ hợp lệ,,,3,"16.0704,108.19171"
 Hải Phòng,Tam Thuận,thanh khê,3.45,46,Đông,Nhà trong hẻm,Giấy tờ hợp lệ,,,3,"16.07085,108.20893"
 Hoàng Diệu,Bình Thuận,hải châu,3.6,5,Nam,Nhà trong hẻm,Giấy tờ hợp lệ,,,3,"16.05467,108.21737"
 Hoàng Diệu,Bình Thuận,hải châu,2.9,65,Bắc,Nhà trong hẻm,Giấy tờ hợp lệ,,,2,"16.05467,108.21737"
 Đoàn Thị Điểm,Hải Châu II,hải châu,1.99,30,Tây,Nhà trong hẻm,Giấy tờ hợp lệ,,,2,"16.06643,108.21677"
 Bùi Hữu Nghĩa,Phước Mỹ,sơn trà,5.2,66,Tây,Nhà trong hẻm,Giấy tờ hợp lệ,,,3,"16.06569,108.24129"
 Trưng Nữ Vương,Bình Hiên,hải châu,2.35,35,Tây Nam,Nhà trong hẻm,Giấy tờ hợp lệ,,,2,"16.05375,108.21903"
 Điện Biên Phủ,Chính Gián,thanh khê,1.95,45,Bắc,Nhà trong hẻm,Giấy tờ hợp lệ,,,2,"16.06715,108.196"
 Phan Châu Trinh,Bình Thuận,hải châu,3.39,58,Bắc,Nhà trong hẻm,Giấy tờ hợp lệ,,,2,"16.05775,108.21896"
 Cù Chính Lan,Hòa Khê,thanh khê,3.45,50,Đông Nam,Nhà trong hẻm,Giấy tờ hợp lệ,,,3,"16.0714016,108.19120789"
 Thái Thị Bôi,Hòa Khê,thanh khê,3.13,86,Tây Nam,Nhà trong hẻm,Giấy tờ hợp lệ,,,1,"16.06831,108.1972"
 Trưng Nữ Vương,Bình Thuận,hải châu,2.9,58,Đông,Nhà trong hẻm,Giấy tờ hợp lệ,,,3,"16.05375,108.21903"
 Thái Phiên,Phước Ninh,hải châu,8.3,83,Tây,Nhà trong hẻm,Giấy tờ hợp lệ,,,3,"16.06509,108.22165"
 Núi Thành,Hòa Thuận Đông,hải châu,4.45,55,Tây Bắc,Nhà trong hẻm,Giấy tờ hợp lệ,,,3,"16.03194,108.22279"
 Nguyễn Tri Phương,Thạc Gián,thanh khê,2.87,40,Nam,Nhà trong hẻm,Giấy tờ hợp lệ,,,2,"16.06071,108.20523"
 Ngô Quyền,Thọ Quang,sơn trà,2.85,6,Tây Nam,Nhà trong hẻm,Giấy tờ hợp lệ,,,2,"16.09631,108.24529"
 Điện Biên Phủ,Thanh Khê Đông,thanh khê,2.58,53,Tây Bắc,Nhà trong hẻm,Giấy tờ hợp lệ,,,2,"16.06715,108.196"
 Lê Văn Hưu,Mỹ An,ngũ hành sơn,8.3,110,Bắc,Nhà mặt tiền,Giấy tờ hợp lệ,,,3,"16.04094,108.23881"
 Trần Xuân Lê,Hòa Khê,thanh khê,2.07,43,Đông Nam,Nhà trong hẻm,Giấy tờ hợp lệ,,,2,"16.059,108.18735"
 Điện Biên Phủ,Chính Gián,thanh khê,3.4,6,Nam,Nhà trong hẻm,Giấy tờ hợp lệ,,,1,"16.06715,108.196"
 Hùng Vương,Vĩnh Trung,thanh khê,2.95,49,Đông Bắc,Nhà trong hẻm,Giấy tờ hợp lệ,,,3,"16.06689,108.21214"
 Nguyễn Công Trứ,An Hải Đông,sơn trà,3.3,67,Đông Nam,Nhà trong hẻm,Giấy tờ hợp lệ,,,2,"16.06847,108.23054"
 Nguyễn Văn Linh,Nam Dương,hải châu,3.1,45,Tây,Nhà trong hẻm,Giấy tờ hợp lệ,,,3,"16.06072,108.21685"
 3/2,Thuận Phước,hải châu,3.2,55,Đông Nam,Nhà trong hẻm,Giấy tờ hợp lệ,,,3,"16.08332,108.2223"
 Núi Thành,Hòa Thuận Đông,hải châu,4.5,71,Đông,Nhà trong hẻm,Giấy tờ hợp lệ,,,3,"16.03194,108.22279"
 Đinh Tiên Hoàng,Thanh Bình,hải châu,3.85,50,Tây Nam,Nhà trong hẻm,Giấy tờ hợp lệ,,,3,"16.07507,108.20968"
 Trần Duy Chiến,Mân Thái,sơn trà,2.4,84,Đông Nam,Nhà trong hẻm,Giấy tờ hợp lệ,,,2,"16.10795,108.25824"
 Tiểu La,Hòa Cường Bắc,hải châu,3.35,53,Bắc,Nhà trong hẻm,Giấy tờ hợp lệ,,,2,"16.04649,108.22182"
 Nguyễn Hoàng,Hải Châu I,hải châu,3.2,55,Không,Nhà trong hẻm,Giấy tờ hợp lệ,,,3,"16.05469,108.21202"
 Nguyễn Văn Linh,Bình Hiên,hải châu,2.1,60,Không,Nhà trong hẻm,Giấy tờ hợp lệ,,,3,"16.06072,108.21685"
 Lê Cơ,Hòa Cường Bắc,hải châu,,60,Không,Nhà mặt tiền,Giấy tờ hợp lệ,,,3,"16.04241,108.21996"
 An Thượng 37,Mỹ An,ngũ hành sơn,7.9,60,Không,Nhà mặt tiền,Giấy tờ hợp lệ,,,4,"16.04693,108.24217"
 An Dương Vương,Mỹ An,ngũ hành sơn,7,100,Không,Nhà mặt tiền,Giấy tờ hợp lệ,,,4,"16.04387,108.23749"
 Nguyễn Văn Linh,Hải Châu I,hải châu,3.2,60,Không,Nhà trong hẻm,Giấy tờ hợp lệ,,,3,"16.06072,108.21685"
 Huỳnh Thúc Kháng,Bình Hiên,hải châu,2.15,50,Không,Nhà trong hẻm,Giấy tờ hợp lệ,4,,1,"16.06075,108.21829"
 Tiểu La,Hòa Cường Bắc,hải châu,3.6,,Không,Nhà trong hẻm,Giấy tờ hợp lệ,,,3,"16.04649,108.22182"
 Lê Văn Hưu,Mỹ An,ngũ hành sơn,5.15,380,Không,Nhà trong hẻm,Không có,,,2,"16.04094,108.23881"
 Tố Hữu,Hòa Cường Nam,hải châu,5.2,81,Không,Nhà mặt tiền,Giấy tờ hợp lệ,,,1,"16.03441,108.21851"
 Trưng Nữ Vương,Hòa Thuận Tây,hải châu,4.5,58,Không,Nhà mặt tiền,Giấy tờ hợp lệ,5,,3,"16.05375,108.21903"
 Hưng Hóa,Hòa Cường Nam,hải châu,3.7,65,Không,Nhà mặt tiền,Giấy tờ hợp lệ,,,2,"16.03475,108.21752"
 Hồ Biểu Chánh,Hòa Cường Nam,hải châu,4.9,65,Không,Nhà mặt tiền,Giấy tờ hợp lệ,,,2,"16.03502,108.21987"
 Lê Thanh Nghị,Hòa Cường Bắc,hải châu,5.6,100,Không,Nhà mặt tiền,Giấy tờ hợp lệ,5,,4,"16.03029,108.21903"
 Ca Văn Thỉnh,Hòa Cường Bắc,hải châu,5.5,88,Không,Nhà mặt tiền,Giấy tờ hợp lệ,,,4,"16.075243,108.22414398"
 Nguyễn Đình Chiểu,Khuê Mỹ,ngũ hành sơn,4.6,80,Không,Nhà mặt tiền,Giấy tờ hợp lệ,5,,4,"16.02404,108.24569"
 Hoàng Thúc Trâm,Hòa Cường Bắc,hải châu,3.5,70,Không,Nhà mặt tiền,Giấy tờ hợp lệ,,,3,"16.04274,108.21396"
 Đống Đa,Thuận Phước,hải châu,5.1,170,Không,Nhà mặt tiền,Giấy tờ hợp lệ,6,,4,"16.07503,108.21489"
 Bà Huyện Thanh Quan,Mỹ An,ngũ hành sơn,6.19,75,Không,Nhà mặt tiền,Giấy tờ hợp lệ,5,,5,"16.04376,108.24501"
 An Dương Vương,Mỹ An,ngũ hành sơn,,99,Không,Nhà mặt tiền,Giấy tờ hợp lệ,,,2,"16.04387,108.23749"
 Mỹ Đa Đông 8,Mỹ An,ngũ hành sơn,6.2,70,Không,Nhà mặt tiền,Giấy tờ hợp lệ,,,5,"16.04363,108.2427"
 Lê Văn Hưu,Mỹ An,ngũ hành sơn,7.1,100,Không,Nhà mặt tiền,Giấy tờ hợp lệ,,,3,"16.04094,108.23881"
 Tiểu La,Hòa Cường Bắc,hải châu,4,8,Không,Nhà mặt tiền,Giấy tờ hợp lệ,,,2,"16.04649,108.22182"
 Nguyễn Đình Chiểu,Khuê Mỹ,ngũ hành sơn,4.6,80,Không,Nhà mặt tiền,Giấy tờ hợp lệ,5,,4,"16.02404,108.24569"
 Mỹ Đa Đông 12,Mỹ An,ngũ hành sơn,7.35,75,Không,Nhà mặt tiền,Giấy tờ hợp lệ,,,5,"16.04309,108.24238"
 Lê Hữu Trác,An Hải Đông,sơn trà,3.68,80,Không,Nhà mặt tiền,Giấy tờ hợp lệ,,,2,"16.05862,108.23956"
 Hoài Thanh,Mỹ An,ngũ hành sơn,5.7,80,Không,Nhà mặt tiền,Giấy tờ hợp lệ,,,4,"16.04427,108.23848"
 Nguyễn Duy Hiệu,An Hải Đông,sơn trà,3.65,85,Không,Nhà mặt tiền,Giấy tờ hợp lệ,,,2,"16.05584,108.23943"
 Phạm Xuân Ẩn,Hòa Xuân,cẩm lệ,4.95,70,Không,Nhà mặt tiền,Giấy tờ hợp lệ,,,3,"16.018268,108.210969"
 Ngũ Hành Sơn,Mỹ An,ngũ hành sơn,7.5,100,Không,Nhà mặt tiền,Giấy tờ hợp lệ,,,3,"16,108.26"
 Nguyễn Xiển,Khuê Mỹ,ngũ hành sơn,7.55,100,Không,Nhà mặt tiền,Giấy tờ hợp lệ,5,20,6,"16.01764,108.25433"
 Đỗ Bá,Mỹ An,ngũ hành sơn,4.55,70,Không,Nhà mặt tiền,Giấy tờ hợp lệ,5,,2,"16.05193,108.24696"
 An Thượng 17,Mỹ An,ngũ hành sơn,5,70,Không,Nhà mặt tiền,Giấy tờ hợp lệ,,,2,"16.04985,108.24127"
 Trưng Nữ Vương,Hòa Thuận Tây,hải châu,5,44,Không,Nhà mặt tiền,Giấy tờ hợp lệ,,,3,"16.05375,108.21903"
 Núi Thành,Hòa Cường Bắc,hải châu,5.1,,Không,Nhà mặt tiền,Giấy tờ hợp lệ,,,3,"16.03194,108.22279"
 Nguyễn Phước Lan,Hòa Xuân,cẩm lệ,4.4,,Không,Nhà mặt tiền,Giấy tờ hợp lệ,5,20,2,"16.01921,108.22935"
 Lê Văn Tâm,Khuê Mỹ,ngũ hành sơn,4.3,90,Nam,Nhà mặt tiền,Giấy tờ hợp lệ,5,18,1,"16.01991,108.25572"
 Hóa Mỹ,Khuê Trung,cẩm lệ,2.45,60,Không,Nhà trong hẻm,Giấy tờ hợp lệ,,,1,"16.03008,108.21299"
 Trưng Nữ Vương,Hòa Thuận Tây,hải châu,3.15,6,Không,Nhà trong hẻm,Giấy tờ hợp lệ,,,2,"16.05375,108.21903"
 Cù Chính Lan,Hòa Khê,thanh khê,3.3,80,Không,Nhà trong hẻm,Giấy tờ hợp lệ,,,3,"16.0714016,108.19120789"
 Lê Văn Hưu,Mỹ An,ngũ hành sơn,5,186,Không,Nhà trong hẻm,Giấy tờ hợp lệ,,,3,"16.04094,108.23881"
 Trần Đức Thảo,Hòa Cường Nam,hải châu,5.15,120,Không,Nhà trong hẻm,Giấy tờ hợp lệ,,,3,"16.03412,108.21587"
 Ca Văn Thỉnh,Hòa Cường Nam,hải châu,5.2,95,Không,Nhà trong hẻm,Giấy tờ hợp lệ,,,4,"16.075243,108.22414398"
 Hà Bổng,An Hải Bắc,sơn trà,,97,Không,Nhà trong hẻm,Giấy tờ hợp lệ,,,4,"16.06664,108.24441"
 Phan Chu Trinh,Bình Thuận,hải châu,2.15,50,Không,Nhà trong hẻm,Giấy tờ hợp lệ,,,2,"16.05703,108.21882"
 Nguyễn Tri Phương,Bình Thuận,hải châu,3.15,65,Không,Nhà trong hẻm,Giấy tờ hợp lệ,,,2,"16.05232,108.21081"
 Tạ Hiện,Hòa Cường Bắc,hải châu,3.5,70,Không,Nhà trong hẻm,Giấy tờ hợp lệ,,,3,"16.04203,108.21828"
 Hóa Mỹ,Khuê Trung,cẩm lệ,2.65,60,Không,Nhà trong hẻm,Giấy tờ hợp lệ,4,15,1,"16.03008,108.21299"
 Hồ Nguyên Trừng,Khuê Trung,cẩm lệ,2.65,60,Không,Nhà trong hẻm,Giấy tờ hợp lệ,4,15,1,"16.03076,108.21161"
 Nguyễn Hữu Thọ,Hòa Thuận Tây,hải châu,4,100,Không,Nhà trong hẻm,Giấy tờ hợp lệ,,,2,"16.03954,108.21035"
 Lê Đình Lý,Hòa Thuận Tây,hải châu,3.15,5,Không,Nhà trong hẻm,Giấy tờ hợp lệ,,,2,"16.0516,108.20992"
 Phan Chu Trinh,Bình Thuận,hải châu,3.8,96,Không,Nhà trong hẻm,Giấy tờ hợp lệ,4.5,,3,"16.05703,108.21882"
 Tống Phước Phổ,Hòa Cường Bắc,hải châu,6,,Không,Nhà mặt tiền,Không có,,,3,"16.04524,108.22224"
 Nguyễn Văn Linh,Nam Dương,hải châu,4.15,66,Không,Nhà mặt tiền,Giấy tờ hợp lệ,,,3,"16.06072,108.21685"
 Tống Phước Phổ,Hòa Cường Bắc,hải châu,5.1,70,Không,Nhà mặt tiền,Giấy tờ hợp lệ,,,3,"16.04524,108.22224"
 Hoài Thanh,Mỹ An,ngũ hành sơn,6,85,Không,Nhà mặt tiền,Giấy tờ hợp lệ,,,5,"16.04427,108.23848"
 Trưng Nữ Vương,Hòa Thuận Đông,hải châu,3.1,55,Không,Nhà trong hẻm,Giấy tờ hợp lệ,5,,3,"16.05375,108.21903"
 Hoàng Thúc Trâm,Hòa Cường Bắc,hải châu,3.6,70,Không,Nhà trong hẻm,Giấy tờ hợp lệ,6.5,,2,"16.04274,108.21396"
 Hoàng Diệu,Bình Thuận,hải châu,3.8,90,Không,Nhà trong hẻm,Giấy tờ hợp lệ,5,,3,"16.05467,108.21737"
 Khuê Mỹ Đông 15,Mỹ An,ngũ hành sơn,15,10,Không,Nhà mặt tiền,Giấy tờ hợp lệ,6,17,6,"16.03874,108.24676"
 Hoàng Hoa Thám,Tân Chính,thanh khê,1.35,3,Không,Nhà trong hẻm,Giấy tờ hợp lệ,,,2,"16.06942,108.20977"
 Lê Duẩn,Hải Châu I,hải châu,75,15,Không,Nhà mặt tiền,Không có,10,22,1,"16.07148,108.22157"
 Thái Phiên,Hải Châu I,hải châu,12,40,Không,Nhà mặt tiền,Không có,6,9,5,"16.06509,108.22165"
 2/9,Bình Hiên,hải châu,42.5,18,Không,Nhà mặt tiền,Không có,9,20,1,"16.08311,108.22194"
 Hùng Vương,Vĩnh Trung,thanh khê,35,85,Không,Nhà mặt tiền,Không có,9,9,3,"16.06689,108.21214"
 Nguyễn Văn Linh,Thạc Gián,thanh khê,,745,Không,Nhà mặt tiền,Không có,18.5,60,3,"16.05947,108.20843"
 Lê Duẩn,Hải Châu I,hải châu,27,100,Không,Nhà mặt tiền,Không có,4.6,20,4,"16.07148,108.22157"
 Lý Thường Kiệt,Hải Châu I,hải châu,51,41,Không,Nhà mặt tiền,Không có,18,17,4,"16.08023,108.22087"
 Nguyễn Văn Linh,Hải Châu I,hải châu,29.9,75,Không,Nhà mặt tiền,Không có,5,16,1,"16.06072,108.21685"
 Nguyễn Văn Linh,Nam Dương,hải châu,29.9,105,Không,Nhà mặt tiền,Không có,5,21,5,"16.06072,108.21685"
 Nguyễn Văn Linh,Nam Dương,hải châu,75,10,Không,Nhà mặt tiền,Không có,9,22,3,"16.06072,108.21685"
 Hàm Nghi,Thạc Gián,thanh khê,54,7,Không,Nhà mặt tiền,Không có,9,23,5,"16.06295,108.21069"
 Nguyễn Thái Học,Phước Ninh,hải châu,30.5,110,Không,Nhà mặt tiền,Không có,5,21,4,"16.06818,108.22265"
 Hàm Nghi,Vĩnh Trung,thanh khê,14.5,60,Không,Nhà mặt tiền,Không có,4.3,14,3,"16.06295,108.21069"
 Núi Thành,Hòa Cường Bắc,hải châu,27.5,19,Tây Nam,Nhà mặt tiền,Giấy tờ hợp lệ,8.5,26,4,"16.03194,108.22279"
 Phạm Hùng,Hòa Xuân,cẩm lệ,6.95,107,Tây,Nhà mặt tiền,Giấy tờ hợp lệ,5,21.5,2,"16.00192,108.207"
 Lê Thanh Nghị,Hòa Cường Bắc,hải châu,12.5,81,Tây,Nhà mặt tiền,Giấy tờ hợp lệ,4.5,18,3,"16.03029,108.21903"
 Thanh Lương 15,Hòa Xuân,cẩm lệ,4.1,100,Tây Bắc,Nhà mặt tiền,Giấy tờ hợp lệ,5,20,2,"16.0086,108.21612"
 Lê Quảng Chí,Hòa Xuân,cẩm lệ,7.75,100,Tây Bắc,Nhà mặt tiền,Giấy tờ hợp lệ,5,20,2,"16.00149,108.21537"
 Thanh Lương 21,Hòa Xuân,cẩm lệ,5.2,100,Tây Bắc,Nhà mặt tiền,Giấy tờ hợp lệ,5,20,3,"16.02157,108.20994"
 Tân An 2,Hòa Cường Bắc,hải châu,5.6,74,Bắc,Nhà mặt tiền,Giấy tờ hợp lệ,4.5,16.5,3,"16.03867,108.21342"
 Hà Bồng,Hòa Xuân,cẩm lệ,5.5,100,Tây Bắc,Nhà mặt tiền,Giấy tờ hợp lệ,5,20,3,"16.0211,108.20662"
 Hoàng Ngọc Phách,Khuê Trung,cẩm lệ,4.1,95,Đông Bắc,Nhà mặt tiền,Giấy tờ hợp lệ,5,19.5,2,"16.01482,108.20876"
 Lê Văn Thứ,Mân Thái,sơn trà,7,90,Tây Nam,Nhà mặt tiền,Giấy tờ hợp lệ,9,10,3,"16.08525,108.24438"
 Phạm Hùng,Hòa Xuân,cẩm lệ,6.2,107,Đông,Nhà mặt tiền,Giấy tờ hợp lệ,5,20.5,3,"16.00192,108.207"
 Ngô Văn Sở,Hòa Khánh Nam,liên chiểu,17,50,Đông Nam,Nhà mặt tiền,Giấy tờ hợp lệ,10,25,2,"16.06828,108.14927"
 Ngô Văn Sở,Hòa Khánh Nam,liên chiểu,18,50,Không,Nhà mặt tiền,Giấy tờ hợp lệ,10,25,2,"16.06828,108.14927"
 Nguyễn Nhàn,Khuê Trung,cẩm lệ,4.4,80,Không,Nhà mặt tiền,Giấy tờ hợp lệ,5,16,1,"16.01108,108.19622"
 Dương Đình Nghệ,An Hải Bắc,sơn trà,30,191,Không,Nhà mặt tiền,Giấy tờ hợp lệ,9,20,3,"16.06888,108.24414"
 Xô Viết Nghệ Tĩnh,Khuê Trung,cẩm lệ,14,94,Bắc,Nhà mặt tiền,Giấy tờ hợp lệ,5,18.5,4,"16.03153,108.21205"
 Trịnh Đình Thảo,Khuê Trung,cẩm lệ,8.6,101,Tây Bắc,Nhà mặt tiền,Giấy tờ hợp lệ,5,20,3,"16.02612,108.21232"
 Xô Viết Nghệ Tĩnh,Khuê Trung,cẩm lệ,14,94,Tây Bắc,Nhà mặt tiền,Giấy tờ hợp lệ,5,19,3,"16.03153,108.21205"
 Mạc Cửu,Khuê Mỹ,ngũ hành sơn,5.9,100,Tây Nam,Nhà mặt tiền,Giấy tờ hợp lệ,5,20,3,"16.02598,108.24149"
 Nguyễn Văn Linh,Thạc Gián,thanh khê,61,10,Tây Nam,Nhà mặt tiền,Giấy tờ hợp lệ,9,22.2,4,"16.05947,108.20843"
 Hồ Nguyên Trừng,Hòa Cường Nam,hải châu,6.2,90,Tây Bắc,Nhà mặt tiền,Giấy tờ hợp lệ,5,17,3,"16.03157,108.21888"
 Hoàng Dư Khương,Khuê Trung,cẩm lệ,5.8,117,Tây Bắc,Nhà mặt tiền,Giấy tờ hợp lệ,5,23,3,"16.0267,108.212"
 Nguyễn Sơn,Hòa Cường Nam,hải châu,12,127,Đông Bắc,Nhà mặt tiền,Giấy tờ hợp lệ,7,19,2,"16.03095,108.22963"
 Tú Quỳ,Hòa Minh,liên chiểu,3.55,85,Tây,Nhà mặt tiền,Giấy tờ hợp lệ,5,18,2,"16.0528,108.1681"
 Nguyễn Nhàn,Hòa Xuân,cẩm lệ,2.15,94,Nam,Nhà trong hẻm,Giấy tờ hợp lệ,,,1,"16.01108,108.19622"
 Triệu Quốc Đạt,Hòa Thọ Đông,cẩm lệ,2.35,78,Nam,Nhà trong hẻm,Giấy tờ hợp lệ,6,13,2,"16.0165,108.1989"
 29/3,Hòa Xuân,cẩm lệ,7.65,116,Đông Nam,Nhà mặt tiền,Giấy tờ hợp lệ,5,23,1,"16.01893,108.19851"
 Trường Chinh,Hòa An,cẩm lệ,2.99,90,Không,Nhà mặt tiền,Giấy tờ hợp lệ,5,18,2,"16.00735,108.19196"
 Đinh Tiên Hoàng,Tam Thuận,thanh khê,3.8,100,Không,Nhà trong hẻm,Không có,5,20,2,"16.07516,108.20869"
 Hoàng Diệu,Bình Thuận,hải châu,2.4,70,Không,Nhà trong hẻm,Không có,7,7,2,"16.05467,108.21737"
 Cẩm Toại Trung,Xã Hòa Phong,hòa vang,1.48,43,Không,Nhà trong hẻm,Giấy tờ hợp lệ,13.5,18,1,"13.4233942,108.25662231"
 Lê Trọng Tấn,Hòa Phát,cẩm lệ,2.4,65,Không,Nhà trong hẻm,Giấy tờ hợp lệ,4.5,15,2,"16.03512,108.18029"
 Đặng Thùy Trâm,Hòa Thuận Tây,hải châu,5.4,100,Không,Nhà trong hẻm,Không có,5,20,3,"16.05255,108.20845"
 Tiểu La,Hòa Cường Bắc,hải châu,4.1,90,Không,Nhà trong hẻm,Giấy tờ hợp lệ,4.5,20,2,"16.04649,108.22182"
 Cù Chính Lan,Hòa Khê,thanh khê,2.25,60,Không,Nhà trong hẻm,Giấy tờ hợp lệ,4,15,2,"16.0714016,108.19120789"
 Hoàng Sĩ Khải,An Hải Bắc,sơn trà,3.9,75,Không,Nhà trong hẻm,Giấy tờ hợp lệ,5,15,2,"16.07566,108.23193"
 Ngô Quyền,Thọ Quang,sơn trà,2.65,75,Không,Nhà trong hẻm,Giấy tờ hợp lệ,7,12,2,"16.09631,108.24529"
 Hoàng Diệu,Bình Hiên,hải châu,4.2,60,Không,Nhà trong hẻm,Giấy tờ hợp lệ,4.5,15,4,"16.05467,108.21737"
 Núi Thành,Hòa Cường Bắc,hải châu,4.6,75,Không,Nhà trong hẻm,Giấy tờ hợp lệ,5,15,4,"16.03194,108.22279"
 Hà Huy Tập,An Khê,thanh khê,2.8,70,Không,Nhà trong hẻm,Giấy tờ hợp lệ,4.5,15,2,"16.0704,108.19171"
 Đặng Thùy Trâm,Hòa Thuận Tây,hải châu,4.8,100,Không,Nhà trong hẻm,Giấy tờ hợp lệ,5,20,3,"16.05255,108.20845"
 Phan Thanh,Hải Châu I,hải châu,3.1,60,Không,Nhà trong hẻm,Giấy tờ hợp lệ,4.5,15,2,"16.05403,108.22089"
 Nguyễn Đình Tứ,Hòa Minh,liên chiểu,3.2,1,Không,Nhà trong hẻm,Không có,7,18,1,"16.04884,108.17124"
 Nguyễn Văn Linh,Hải Châu I,hải châu,3.35,75,Không,Nhà trong hẻm,Giấy tờ hợp lệ,5,15,2,"16.06072,108.21685"
 Nguyễn Văn Linh,Nam Dương,hải châu,4.15,66,Không,Nhà trong hẻm,Giấy tờ hợp lệ,4.5,15,3,"16.06072,108.21685"
 Tôn Đức Thắng,Hòa Khánh Bắc,liên chiểu,3.2,80,Không,Nhà trong hẻm,Giấy tờ hợp lệ,4.5,17,2,"16.07067,108.15084"
 Núi Thành,Hòa Cường Bắc,hải châu,4.5,100,Không,Nhà trong hẻm,Giấy tờ hợp lệ,5,15,3,"16.03194,108.22279"
 Cù Chính Lan,Hòa Khê,thanh khê,3.6,70,Không,Nhà trong hẻm,Giấy tờ hợp lệ,4.5,15,2,"16.0714016,108.19120789"
 Trần Cao Vân,An Khê,thanh khê,4.15,80,Không,Nhà trong hẻm,Giấy tờ hợp lệ,4.5,17,3,"16.0738,108.20758"
 Núi Thành,Hòa Cường Bắc,hải châu,4.4,70,Không,Nhà trong hẻm,Giấy tờ hợp lệ,5,15,3,"16.03194,108.22279"
 Tôn Đản,Hòa Phát,cẩm lệ,3.8,100,Không,Nhà trong hẻm,Giấy tờ hợp lệ,5,20,3,"16.04509,108.18114"
 Trần Cao Vân,Thạc Gián,thanh khê,3.6,40,Không,Nhà trong hẻm,Giấy tờ hợp lệ,4,10,3,"16.0738,108.20758"
 Tiểu La,Hòa Cường Nam,hải châu,3.9,50,Không,Nhà trong hẻm,Giấy tờ hợp lệ,4,13,4,"16.04649,108.22182"
 Tiểu La,Hòa Cường Bắc,hải châu,3.35,50,Không,Nhà trong hẻm,Giấy tờ hợp lệ,5,12,3,"16.04649,108.22182"
 Hoàng Thúc Trâm,Hòa Cường Bắc,hải châu,4.3,50,Không,Nhà trong hẻm,Giấy tờ hợp lệ,4.5,12,4,"16.04274,108.21396"
 Tô Hiệu,Hòa Minh,liên chiểu,3,65,Không,Nhà trong hẻm,Giấy tờ hợp lệ,4.5,13,2,"16.06424,108.16672"
 Nguyễn Nhàn,Hòa Thọ Đông,cẩm lệ,3,70,Không,Nhà trong hẻm,Giấy tờ hợp lệ,4.5,14,2,"16.01108,108.19622"
 Nguyễn Nhàn,Hòa Thọ Đông,cẩm lệ,3,70,Không,Nhà trong hẻm,Giấy tờ hợp lệ,5,14,2,"16.01108,108.19622"
 Hoàng Diệu,Hải Châu I,hải châu,16.5,100,Không,Nhà mặt tiền,Giấy tờ hợp lệ,5,20,3,"16.05467,108.21737"
 Bế Văn Đàn,Chính Gián,thanh khê,7.4,100,Không,Nhà mặt tiền,Giấy tờ hợp lệ,5,20,3,"16.06502,108.19853"
 Trưng Nữ Vương,Hòa Thuận Tây,hải châu,5.1,95,Không,Nhà mặt tiền,Giấy tờ hợp lệ,7,14,3,"16.05375,108.21903"
 Nguyễn Phước Nguyên,An Khê,thanh khê,4.8,100,Không,Nhà mặt tiền,Giấy tờ hợp lệ,5,20,3,"16.05452,108.18347"
 Nguyễn Tri Phương,Hải Châu I,hải châu,14.5,150,Không,Nhà mặt tiền,Giấy tờ hợp lệ,5,30,4,"16.05232,108.21081"
 Phạm Hùng,Hòa Xuân,cẩm lệ,6.5,120,Không,Nhà mặt tiền,Giấy tờ hợp lệ,5,24,1,"16.00192,108.207"
 Lê Hữu Trác,An Hải Đông,sơn trà,8.5,190,Không,Nhà mặt tiền,Giấy tờ hợp lệ,7,27,3,"16.05862,108.23956"
 Lê Thước,Phước Mỹ,sơn trà,40,,Không,Nhà mặt tiền,Giấy tờ hợp lệ,17,12,8,"16.07695,108.24349"
 Trường Chinh,Hòa Phát,cẩm lệ,6.5,120,Không,Nhà mặt tiền,Giấy tờ hợp lệ,5,24,1,"16.00735,108.19196"
 Vũ Quỳnh,Thanh Khê Tây,thanh khê,3.85,80,Không,Nhà mặt tiền,Giấy tờ hợp lệ,5,15,1,"16.07717,108.17347"
 Ngô Quyền,An Hải Bắc,sơn trà,9.9,120,Không,Nhà mặt tiền,Giấy tờ hợp lệ,5,25,2,"16.09631,108.24529"
 Vũ Lăng,Hòa Phát,cẩm lệ,5.9,80,Không,Nhà mặt tiền,Giấy tờ hợp lệ,9,9,4,"15.97871,108.21611"
 Trần Cao Vân,Tam Thuận,thanh khê,10,93,Không,Nhà mặt tiền,Giấy tờ hợp lệ,7,15,4,"16.0738,108.20758"
 Phùng Chí Kiên,Hòa Minh,liên chiểu,5.5,75,Không,Nhà mặt tiền,Không có,5,15,3,"16.07763,108.16537"
 Nguyễn Lương Bằng,Hòa Khánh Bắc,liên chiểu,7.5,195,Không,Nhà mặt tiền,Giấy tờ hợp lệ,5,39,2,"16.08075,108.14674"
 Hòa An 8,Hòa An,cẩm lệ,3,100,Không,Nhà mặt tiền,Giấy tờ hợp lệ,5,20,2,"16.05876,108.17509"
 Phước Trường 12,An Hải Bắc,sơn trà,6.8,100,Không,Nhà mặt tiền,Giấy tờ hợp lệ,5,20,2,"16.07788,108.24183"
 Thanh Lương 10,Hòa Xuân,cẩm lệ,4.9,400,Không,Nhà mặt tiền,Giấy tờ hợp lệ,5,20,3,"16.00666,108.21903"
 An Thượng 16,Mỹ An,ngũ hành sơn,5,70,Không,Nhà mặt tiền,Giấy tờ hợp lệ,4.5,15,2,"16.04784,108.2418"
 An Thượng 37,Mỹ An,ngũ hành sơn,11.8,65,Không,Nhà mặt tiền,Giấy tờ hợp lệ,4.5,15,5,"16.04693,108.24217"
 An Thượng 10,Mỹ An,ngũ hành sơn,8.2,100,Không,Nhà mặt tiền,Không có,,18,,"16.04825,108.2428"
 Nguyễn Quý Đức,Khuê Trung,cẩm lệ,4.6,100,Không,Nhà mặt tiền,Giấy tờ hợp lệ,5,20,2,"16.01761,108.20814"
 Bàu Tràm 2,Hòa Cường Bắc,hải châu,5.7,85,Không,Nhà mặt tiền,Giấy tờ hợp lệ,5,17,2,"16.03293678,108.21136968"
 Tiên Sơn 8,Hòa Cường Nam,hải châu,7.2,100,Không,Nhà mặt tiền,Giấy tờ hợp lệ,5,20,3,"16.03654,108.22015"
 An Thượng 18,Mỹ An,ngũ hành sơn,4.1,60,Không,Nhà mặt tiền,Giấy tờ hợp lệ,4.5,15,5,"16.04836,108.24055"
 Nguyễn Thanh Năm,An Khê,thanh khê,6.9,90,Không,Nhà mặt tiền,Giấy tờ hợp lệ,10,10,4,"16.03579,108.19075"
 Trường Chinh,Hòa An,cẩm lệ,3.3,90,Không,Nhà mặt tiền,Giấy tờ hợp lệ,5,18,2,"16.00735,108.19196"
 Ngô Quyền,An Hải Bắc,sơn trà,15,153,Không,Nhà mặt tiền,Giấy tờ hợp lệ,6,27,3,"16.09631,108.24529"
 Tiên Sơn 10,Hòa Cường Nam,hải châu,6.5,90,Không,Nhà mặt tiền,Giấy tờ hợp lệ,14,7,1,"16.03438,108.22172"
 Hoàng Đức Lương,An Hải Bắc,sơn trà,11,100,Không,Nhà mặt tiền,Giấy tờ hợp lệ,5,20,5,"16.07525,108.23292"
 Huỳnh Tịnh Của,Xã Hòa Châu,hòa vang,2.9,100,Không,Nhà mặt tiền,Giấy tờ hợp lệ,5,20,2,"15.98954,108.20657"
 Huỳnh Thị Bảo Hòa,Hòa Khánh Nam,liên chiểu,3.5,100,Không,Nhà mặt tiền,Giấy tờ hợp lệ,5,20,2,"16.05185,108.17088"
 Lưu Nhân Chú,Khuê Trung,cẩm lệ,4.7,100,Không,Nhà mặt tiền,Giấy tờ hợp lệ,5,20,3,"16.02025,108.20802"
 Tôn Đức Thắng,Hòa Khánh Bắc,liên chiểu,25,313,Không,Nhà mặt tiền,Giấy tờ hợp lệ,7,48,4,"16.07067,108.15084"
 Hóa Mỹ,Khuê Trung,cẩm lệ,4.7,80,Không,Nhà mặt tiền,Giấy tờ hợp lệ,4.5,15,2,"16.03008,108.21299"
 Nguyễn Thuật,Hòa An,cẩm lệ,4.6,125,Không,Nhà mặt tiền,Giấy tờ hợp lệ,5,25,3,"16.0521,108.17708"
 Hoà Minh 15,Hòa Minh,liên chiểu,5.2,75,Không,Nhà mặt tiền,Không có,5,15,3,"16.07962,108.16033"
 Phước Lý 6,Hòa Minh,liên chiểu,3.5,105,Không,Nhà mặt tiền,Giấy tờ hợp lệ,5,20,2,"16.12865,108.1218"
 Lý Triện,An Khê,thanh khê,6.6,105,Không,Nhà mặt tiền,Giấy tờ hợp lệ,5,22,3,"16.05945,108.18524"
 Thanh Lương 8,Hòa Xuân,cẩm lệ,5.7,100,Không,Nhà mặt tiền,Giấy tờ hợp lệ,5,20,3,"16.00671,108.21899"
 Nguyễn Phước Nguyên,An Khê,thanh khê,4.8,100,Không,Nhà mặt tiền,Giấy tờ hợp lệ,5,20,3,"16.05452,108.18347"
 Nguyễn Tri Phương,Hải Châu I,hải châu,14.5,150,Không,Nhà mặt tiền,Giấy tờ hợp lệ,5,30,4,"16.05232,108.21081"
 Phạm Hùng,Hòa Xuân,cẩm lệ,6.5,120,Không,Nhà mặt tiền,Giấy tờ hợp lệ,5,24,1,"16.00192,108.207"
 Lê Hữu Trác,An Hải Đông,sơn trà,8.5,190,Không,Nhà mặt tiền,Giấy tờ hợp lệ,7,27,3,"16.05862,108.23956"
 Lê Thước,Phước Mỹ,sơn trà,40,,Không,Nhà mặt tiền,Giấy tờ hợp lệ,17,12,8,"16.07695,108.24349"
 Trường Chinh,Hòa Phát,cẩm lệ,6.5,120,Không,Nhà mặt tiền,Giấy tờ hợp lệ,5,24,1,"16.00735,108.19196"
 Vũ Quỳnh,Thanh Khê Tây,thanh khê,3.85,80,Không,Nhà mặt tiền,Giấy tờ hợp lệ,5,15,1,"16.07717,108.17347"
 Ngô Quyền,An Hải Bắc,sơn trà,9.9,120,Không,Nhà mặt tiền,Giấy tờ hợp lệ,5,25,2,"16.09631,108.24529"
 Vũ Lăng,Hòa Phát,cẩm lệ,5.9,80,Không,Nhà mặt tiền,Giấy tờ hợp lệ,9,9,4,"15.97871,108.21611"
 Phùng Chí Kiên,Hòa Minh,liên chiểu,5.5,75,Không,Nhà mặt tiền,Không có,5,15,3,"16.07763,108.16537"
 Trần Cao Vân,Tam Thuận,thanh khê,10,93,Không,Nhà mặt tiền,Giấy tờ hợp lệ,7,15,4,"16.0738,108.20758"
 Nguyễn Lương Bằng,Hòa Khánh Bắc,liên chiểu,7.5,195,Không,Nhà mặt tiền,Giấy tờ hợp lệ,5,39,2,"16.08075,108.14674"
 Hòa An 8,Hòa An,cẩm lệ,3,100,Không,Nhà mặt tiền,Giấy tờ hợp lệ,5,20,2,"16.05876,108.17509"
 Phước Trường 12,An Hải Bắc,sơn trà,6.8,100,Không,Nhà mặt tiền,Giấy tờ hợp lệ,5,20,2,"16.07788,108.24183"
 Thanh Lương 10,Hòa Xuân,cẩm lệ,4.9,400,Không,Nhà mặt tiền,Giấy tờ hợp lệ,5,20,3,"16.00666,108.21903"
 An Thượng 16,Mỹ An,ngũ hành sơn,5,70,Không,Nhà mặt tiền,Giấy tờ hợp lệ,4.5,15,2,"16.04784,108.2418"
 An Thượng 37,Mỹ An,ngũ hành sơn,11.8,65,Không,Nhà mặt tiền,Giấy tờ hợp lệ,4.5,15,5,"16.04693,108.24217"
 An Thượng 10,Mỹ An,ngũ hành sơn,8.2,100,Không,Nhà mặt tiền,Không có,,18,,"16.04825,108.2428"
 Nguyễn Quý Đức,Khuê Trung,cẩm lệ,4.6,100,Không,Nhà mặt tiền,Giấy tờ hợp lệ,5,20,2,"16.01761,108.20814"
 Bàu Tràm 2,Hòa Cường Bắc,hải châu,5.7,85,Không,Nhà mặt tiền,Giấy tờ hợp lệ,5,17,2,"16.03293678,108.21136968"
 Nguyễn Thanh Năm,An Khê,thanh khê,6.9,90,Không,Nhà mặt tiền,Giấy tờ hợp lệ,10,10,4,"16.03579,108.19075"
